2026-06-01 23:06:01,070 - [INFO] - --- Projekt-Initialisierung gestartet ---
2026-06-01 23:06:01,071 - [INFO] - Bestätigtes Hauptverzeichnis (Root): /Users/cristallagus/Desktop/GitHub/Offline_KI
2026-06-01 23:06:01,072 - [INFO] - [OK] globaler Begriff 'root' existiert bereits --> Pfad: /Users/cristallagus/Desktop/GitHub/Offline_KI
2026-06-01 23:06:01,073 - [INFO] - [OK] globaler Begriff 'config' existiert bereits --> Pfad: /Users/cristallagus/Desktop/GitHub/Offline_KI/config
2026-06-01 23:06:01,074 - [INFO] - [OK] globaler Begriff 'src' existiert bereits --> Pfad: /Users/cristallagus/Desktop/GitHub/Offline_KI/src
2026-06-01 23:06:01,075 - [INFO] - [ERSTELLT] globaler Begriff 'notebooks' --> Pfad: /Users/cristallagus/Desktop/GitHub/Offline_KI/notebooks
2026-06-01 23:06:01,075 - [INFO] - [OK] globaler Begriff 'logs' existiert bereits --> Pfad: /Users/cristallagus/Desktop/GitHub/Offline_KI/logs
2026-06-01 23:06:01,076 - [INFO] - [OK] globaler Begriff 'data' existiert bereits --> Pfad: /Users/cristallagus/Desktop/GitHub/Offline_KI/data
2026-06-01 23:06:01,077 - [INFO] - Globale Pfad-Begriffe erfolgreich gesichert in: /Users/cristallagus/Desktop/GitHub/Offline_KI/config/project_paths.json
2026-06-01 23:06:01,078 - [INFO] - --- Projekt-Initialisierung erfolgreich beendet ---

2026-06-01 23:07:18,644 - LibraryChecker - INFO - Analysiere installierte Python-Bibliotheken...
2026-06-01 23:07:18,782 - LibraryChecker - INFO - Erfolgreich! Gespeichert in: /Users/cristallagus/Desktop/GitHub/Offline_KI/config/python_library_config.json
2026-06-01 23:17:39,274 - [INFO] - --- Projekt-Initialisierung gestartet ---
2026-06-01 23:17:39,274 - [INFO] - --- Projekt-Initialisierung gestartet ---
2026-06-01 23:17:39,276 - [INFO] - Bestätigtes Hauptverzeichnis (Root): /Users/cristallagus/Desktop/GitHub/Offline_KI
2026-06-01 23:17:39,276 - [INFO] - Bestätigtes Hauptverzeichnis (Root): /Users/cristallagus/Desktop/GitHub/Offline_KI
2026-06-01 23:17:39,277 - [INFO] - [OK] globaler Begriff 'root' existiert bereits --> Pfad: /Users/cristallagus/Desktop/GitHub/Offline_KI
2026-06-01 23:17:39,277 - [INFO] - [OK] globaler Begriff 'root' existiert bereits --> Pfad: /Users/cristallagus/Desktop/GitHub/Offline_KI
2026-06-01 23:17:39,279 - [INFO] - [OK] globaler Begriff 'config' existiert bereits --> Pfad: /Users/cristallagus/Desktop/GitHub/Offline_KI/config
2026-06-01 23:17:39,279 - [INFO] - [OK] globaler Begriff 'config' existiert bereits --> Pfad: /Users/cristallagus/Desktop/GitHub/Offline_KI/config
2026-06-01 23:17:39,281 - [INFO] - [OK] globaler Begriff 'data' existiert bereits --> Pfad: /Users/cristallagus/Desktop/GitHub/Offline_KI/data
2026-06-01 23:17:39,281 - [INFO] - [OK] globaler Begriff 'data' existiert bereits --> Pfad: /Users/cristallagus/Desktop/GitHub/Offline_KI/data
2026-06-01 23:17:39,282 - [INFO] - [OK] globaler Begriff 'docker' existiert bereits --> Pfad: /Users/cristallagus/Desktop/GitHub/Offline_KI/docker
2026-06-01 23:17:39,282 - [INFO] - [OK] globaler Begriff 'docker' existiert bereits --> Pfad: /Users/cristallagus/Desktop/GitHub/Offline_KI/docker
2026-06-01 23:17:39,283 - [INFO] - [OK] globaler Begriff 'knowledge' existiert bereits --> Pfad: /Users/cristallagus/Desktop/GitHub/Offline_KI/knowledge
2026-06-01 23:17:39,283 - [INFO] - [OK] globaler Begriff 'knowledge' existiert bereits --> Pfad: /Users/cristallagus/Desktop/GitHub/Offline_KI/knowledge
2026-06-01 23:17:39,284 - [INFO] - [OK] globaler Begriff 'logs' existiert bereits --> Pfad: /Users/cristallagus/Desktop/GitHub/Offline_KI/logs
2026-06-01 23:17:39,284 - [INFO] - [OK] globaler Begriff 'logs' existiert bereits --> Pfad: /Users/cristallagus/Desktop/GitHub/Offline_KI/logs
2026-06-01 23:17:39,285 - [INFO] - [ERSTELLT] globaler Begriff 'notebooks' --> Pfad: /Users/cristallagus/Desktop/GitHub/Offline_KI/notebooks
2026-06-01 23:17:39,285 - [INFO] - [ERSTELLT] globaler Begriff 'notebooks' --> Pfad: /Users/cristallagus/Desktop/GitHub/Offline_KI/notebooks
2026-06-01 23:17:39,286 - [INFO] - [OK] globaler Begriff 'privacy' existiert bereits --> Pfad: /Users/cristallagus/Desktop/GitHub/Offline_KI/privacy
2026-06-01 23:17:39,286 - [INFO] - [OK] globaler Begriff 'privacy' existiert bereits --> Pfad: /Users/cristallagus/Desktop/GitHub/Offline_KI/privacy
2026-06-01 23:17:39,288 - [INFO] - [OK] globaler Begriff 'src' existiert bereits --> Pfad: /Users/cristallagus/Desktop/GitHub/Offline_KI/src
2026-06-01 23:17:39,288 - [INFO] - [OK] globaler Begriff 'src' existiert bereits --> Pfad: /Users/cristallagus/Desktop/GitHub/Offline_KI/src
2026-06-01 23:17:39,290 - [INFO] - [OK] globaler Begriff 'temp' existiert bereits --> Pfad: /Users/cristallagus/Desktop/GitHub/Offline_KI/temp
2026-06-01 23:17:39,290 - [INFO] - [OK] globaler Begriff 'temp' existiert bereits --> Pfad: /Users/cristallagus/Desktop/GitHub/Offline_KI/temp
2026-06-01 23:17:39,291 - [INFO] - Globale Pfad-Begriffe erfolgreich gesichert in: /Users/cristallagus/Desktop/GitHub/Offline_KI/config/project_paths.json
2026-06-01 23:17:39,291 - [INFO] - Globale Pfad-Begriffe erfolgreich gesichert in: /Users/cristallagus/Desktop/GitHub/Offline_KI/config/project_paths.json
2026-06-01 23:17:39,291 - [INFO] - --- Projekt-Initialisierung erfolgreich beendet ---

2026-06-01 23:17:39,291 - [INFO] - --- Projekt-Initialisierung erfolgreich beendet ---

2026-06-01 23:18:55,207 - LibraryChecker - INFO - Analysiere installierte Python-Bibliotheken...
2026-06-01 23:18:55,279 - LibraryChecker - INFO - Erfolgreich! Gespeichert in: /Users/cristallagus/Desktop/GitHub/Offline_KI/config/python_library_config.json
2026-06-01 23:19:18,440 - [INFO] - --- Projekt-Initialisierung gestartet ---
2026-06-01 23:19:18,441 - [INFO] - Bestätigtes Hauptverzeichnis (Root): /Users/cristallagus/Desktop/GitHub/Offline_KI
2026-06-01 23:19:18,441 - [INFO] - [OK] globaler Begriff 'root' existiert bereits --> Pfad: /Users/cristallagus/Desktop/GitHub/Offline_KI
2026-06-01 23:19:18,442 - [INFO] - [OK] globaler Begriff 'config' existiert bereits --> Pfad: /Users/cristallagus/Desktop/GitHub/Offline_KI/config
2026-06-01 23:19:18,443 - [INFO] - [OK] globaler Begriff 'data' existiert bereits --> Pfad: /Users/cristallagus/Desktop/GitHub/Offline_KI/data
2026-06-01 23:19:18,444 - [INFO] - [OK] globaler Begriff 'docker' existiert bereits --> Pfad: /Users/cristallagus/Desktop/GitHub/Offline_KI/docker
2026-06-01 23:19:18,444 - [INFO] - [OK] globaler Begriff 'knowledge' existiert bereits --> Pfad: /Users/cristallagus/Desktop/GitHub/Offline_KI/knowledge
2026-06-01 23:19:18,445 - [INFO] - [OK] globaler Begriff 'logs' existiert bereits --> Pfad: /Users/cristallagus/Desktop/GitHub/Offline_KI/logs
2026-06-01 23:19:18,446 - [INFO] - [OK] globaler Begriff 'notebooks' existiert bereits --> Pfad: /Users/cristallagus/Desktop/GitHub/Offline_KI/notebooks
2026-06-01 23:19:18,447 - [INFO] - [OK] globaler Begriff 'privacy' existiert bereits --> Pfad: /Users/cristallagus/Desktop/GitHub/Offline_KI/privacy
2026-06-01 23:19:18,447 - [INFO] - [OK] globaler Begriff 'src' existiert bereits --> Pfad: /Users/cristallagus/Desktop/GitHub/Offline_KI/src
2026-06-01 23:19:18,447 - [INFO] - [OK] globaler Begriff 'temp' existiert bereits --> Pfad: /Users/cristallagus/Desktop/GitHub/Offline_KI/temp
2026-06-01 23:19:18,448 - [INFO] - Globale Pfad-Begriffe erfolgreich gesichert in: /Users/cristallagus/Desktop/GitHub/Offline_KI/config/project_paths.json
2026-06-01 23:19:18,449 - [INFO] - --- Projekt-Initialisierung erfolgreich beendet ---

2026-06-01 23:29:31,164 - [INFO] - --- Projekt-Initialisierung gestartet ---
2026-06-01 23:29:31,164 - [INFO] - --- Projekt-Initialisierung gestartet ---
2026-06-01 23:29:31,165 - [INFO] - Bestätigtes Hauptverzeichnis (Root): /Users/cristallagus/Desktop/GitHub/Offline_KI
2026-06-01 23:29:31,165 - [INFO] - Bestätigtes Hauptverzeichnis (Root): /Users/cristallagus/Desktop/GitHub/Offline_KI
2026-06-01 23:29:31,166 - [INFO] - [OK] globaler Begriff 'root' existiert bereits --> Pfad: /Users/cristallagus/Desktop/GitHub/Offline_KI
2026-06-01 23:29:31,166 - [INFO] - [OK] globaler Begriff 'root' existiert bereits --> Pfad: /Users/cristallagus/Desktop/GitHub/Offline_KI
2026-06-01 23:29:31,167 - [INFO] - [OK] globaler Begriff 'config' existiert bereits --> Pfad: /Users/cristallagus/Desktop/GitHub/Offline_KI/config
2026-06-01 23:29:31,167 - [INFO] - [OK] globaler Begriff 'config' existiert bereits --> Pfad: /Users/cristallagus/Desktop/GitHub/Offline_KI/config
2026-06-01 23:29:31,168 - [INFO] - [OK] globaler Begriff 'data' existiert bereits --> Pfad: /Users/cristallagus/Desktop/GitHub/Offline_KI/data
2026-06-01 23:29:31,168 - [INFO] - [OK] globaler Begriff 'data' existiert bereits --> Pfad: /Users/cristallagus/Desktop/GitHub/Offline_KI/data
2026-06-01 23:29:31,168 - [INFO] - [OK] globaler Begriff 'docker' existiert bereits --> Pfad: /Users/cristallagus/Desktop/GitHub/Offline_KI/docker
2026-06-01 23:29:31,168 - [INFO] - [OK] globaler Begriff 'docker' existiert bereits --> Pfad: /Users/cristallagus/Desktop/GitHub/Offline_KI/docker
2026-06-01 23:29:31,169 - [INFO] - [OK] globaler Begriff 'knowledge' existiert bereits --> Pfad: /Users/cristallagus/Desktop/GitHub/Offline_KI/knowledge
2026-06-01 23:29:31,169 - [INFO] - [OK] globaler Begriff 'knowledge' existiert bereits --> Pfad: /Users/cristallagus/Desktop/GitHub/Offline_KI/knowledge
2026-06-01 23:29:31,170 - [INFO] - [OK] globaler Begriff 'logs' existiert bereits --> Pfad: /Users/cristallagus/Desktop/GitHub/Offline_KI/logs
2026-06-01 23:29:31,170 - [INFO] - [OK] globaler Begriff 'logs' existiert bereits --> Pfad: /Users/cristallagus/Desktop/GitHub/Offline_KI/logs
2026-06-01 23:29:31,171 - [INFO] - [OK] globaler Begriff 'notebooks' existiert bereits --> Pfad: /Users/cristallagus/Desktop/GitHub/Offline_KI/notebooks
2026-06-01 23:29:31,171 - [INFO] - [OK] globaler Begriff 'notebooks' existiert bereits --> Pfad: /Users/cristallagus/Desktop/GitHub/Offline_KI/notebooks
2026-06-01 23:29:31,171 - [INFO] - [OK] globaler Begriff 'privacy' existiert bereits --> Pfad: /Users/cristallagus/Desktop/GitHub/Offline_KI/privacy
2026-06-01 23:29:31,171 - [INFO] - [OK] globaler Begriff 'privacy' existiert bereits --> Pfad: /Users/cristallagus/Desktop/GitHub/Offline_KI/privacy
2026-06-01 23:29:31,172 - [INFO] - [OK] globaler Begriff 'src' existiert bereits --> Pfad: /Users/cristallagus/Desktop/GitHub/Offline_KI/src
2026-06-01 23:29:31,172 - [INFO] - [OK] globaler Begriff 'src' existiert bereits --> Pfad: /Users/cristallagus/Desktop/GitHub/Offline_KI/src
2026-06-01 23:29:31,174 - [INFO] - [OK] globaler Begriff 'temp' existiert bereits --> Pfad: /Users/cristallagus/Desktop/GitHub/Offline_KI/temp
2026-06-01 23:29:31,174 - [INFO] - [OK] globaler Begriff 'temp' existiert bereits --> Pfad: /Users/cristallagus/Desktop/GitHub/Offline_KI/temp
2026-06-01 23:29:31,176 - [INFO] - Globale Pfad-Begriffe erfolgreich gesichert in: /Users/cristallagus/Desktop/GitHub/Offline_KI/config/project_paths.json
2026-06-01 23:29:31,176 - [INFO] - Globale Pfad-Begriffe erfolgreich gesichert in: /Users/cristallagus/Desktop/GitHub/Offline_KI/config/project_paths.json
2026-06-01 23:29:31,177 - [INFO] - --- Projekt-Initialisierung erfolgreich beendet ---

2026-06-01 23:29:31,177 - [INFO] - --- Projekt-Initialisierung erfolgreich beendet ---

2026-06-01 23:29:32,924 - [INFO] - --- Projekt-Initialisierung gestartet ---
2026-06-01 23:29:32,924 - [INFO] - --- Projekt-Initialisierung gestartet ---
2026-06-01 23:29:32,924 - [INFO] - --- Projekt-Initialisierung gestartet ---
2026-06-01 23:29:32,926 - [INFO] - Bestätigtes Hauptverzeichnis (Root): /Users/cristallagus/Desktop/GitHub/Offline_KI
2026-06-01 23:29:32,926 - [INFO] - Bestätigtes Hauptverzeichnis (Root): /Users/cristallagus/Desktop/GitHub/Offline_KI
2026-06-01 23:29:32,926 - [INFO] - Bestätigtes Hauptverzeichnis (Root): /Users/cristallagus/Desktop/GitHub/Offline_KI
2026-06-01 23:29:32,928 - [INFO] - [OK] globaler Begriff 'root' existiert bereits --> Pfad: /Users/cristallagus/Desktop/GitHub/Offline_KI
2026-06-01 23:29:32,928 - [INFO] - [OK] globaler Begriff 'root' existiert bereits --> Pfad: /Users/cristallagus/Desktop/GitHub/Offline_KI
2026-06-01 23:29:32,928 - [INFO] - [OK] globaler Begriff 'root' existiert bereits --> Pfad: /Users/cristallagus/Desktop/GitHub/Offline_KI
2026-06-01 23:29:32,930 - [INFO] - [OK] globaler Begriff 'config' existiert bereits --> Pfad: /Users/cristallagus/Desktop/GitHub/Offline_KI/config
2026-06-01 23:29:32,930 - [INFO] - [OK] globaler Begriff 'config' existiert bereits --> Pfad: /Users/cristallagus/Desktop/GitHub/Offline_KI/config
2026-06-01 23:29:32,930 - [INFO] - [OK] globaler Begriff 'config' existiert bereits --> Pfad: /Users/cristallagus/Desktop/GitHub/Offline_KI/config
2026-06-01 23:29:32,932 - [INFO] - [OK] globaler Begriff 'data' existiert bereits --> Pfad: /Users/cristallagus/Desktop/GitHub/Offline_KI/data
2026-06-01 23:29:32,932 - [INFO] - [OK] globaler Begriff 'data' existiert bereits --> Pfad: /Users/cristallagus/Desktop/GitHub/Offline_KI/data
2026-06-01 23:29:32,932 - [INFO] - [OK] globaler Begriff 'data' existiert bereits --> Pfad: /Users/cristallagus/Desktop/GitHub/Offline_KI/data
2026-06-01 23:29:32,934 - [INFO] - [OK] globaler Begriff 'docker' existiert bereits --> Pfad: /Users/cristallagus/Desktop/GitHub/Offline_KI/docker
2026-06-01 23:29:32,934 - [INFO] - [OK] globaler Begriff 'docker' existiert bereits --> Pfad: /Users/cristallagus/Desktop/GitHub/Offline_KI/docker
2026-06-01 23:29:32,934 - [INFO] - [OK] globaler Begriff 'docker' existiert bereits --> Pfad: /Users/cristallagus/Desktop/GitHub/Offline_KI/docker
2026-06-01 23:29:32,937 - [INFO] - [OK] globaler Begriff 'knowledge' existiert bereits --> Pfad: /Users/cristallagus/Desktop/GitHub/Offline_KI/knowledge
2026-06-01 23:29:32,937 - [INFO] - [OK] globaler Begriff 'knowledge' existiert bereits --> Pfad: /Users/cristallagus/Desktop/GitHub/Offline_KI/knowledge
2026-06-01 23:29:32,937 - [INFO] - [OK] globaler Begriff 'knowledge' existiert bereits --> Pfad: /Users/cristallagus/Desktop/GitHub/Offline_KI/knowledge
2026-06-01 23:29:32,939 - [INFO] - [OK] globaler Begriff 'logs' existiert bereits --> Pfad: /Users/cristallagus/Desktop/GitHub/Offline_KI/logs
2026-06-01 23:29:32,939 - [INFO] - [OK] globaler Begriff 'logs' existiert bereits --> Pfad: /Users/cristallagus/Desktop/GitHub/Offline_KI/logs
2026-06-01 23:29:32,939 - [INFO] - [OK] globaler Begriff 'logs' existiert bereits --> Pfad: /Users/cristallagus/Desktop/GitHub/Offline_KI/logs
2026-06-01 23:29:32,940 - [INFO] - [OK] globaler Begriff 'notebooks' existiert bereits --> Pfad: /Users/cristallagus/Desktop/GitHub/Offline_KI/notebooks
2026-06-01 23:29:32,940 - [INFO] - [OK] globaler Begriff 'notebooks' existiert bereits --> Pfad: /Users/cristallagus/Desktop/GitHub/Offline_KI/notebooks
2026-06-01 23:29:32,940 - [INFO] - [OK] globaler Begriff 'notebooks' existiert bereits --> Pfad: /Users/cristallagus/Desktop/GitHub/Offline_KI/notebooks
2026-06-01 23:29:32,942 - [INFO] - [OK] globaler Begriff 'privacy' existiert bereits --> Pfad: /Users/cristallagus/Desktop/GitHub/Offline_KI/privacy
2026-06-01 23:29:32,942 - [INFO] - [OK] globaler Begriff 'privacy' existiert bereits --> Pfad: /Users/cristallagus/Desktop/GitHub/Offline_KI/privacy
2026-06-01 23:29:32,942 - [INFO] - [OK] globaler Begriff 'privacy' existiert bereits --> Pfad: /Users/cristallagus/Desktop/GitHub/Offline_KI/privacy
2026-06-01 23:29:32,944 - [INFO] - [OK] globaler Begriff 'src' existiert bereits --> Pfad: /Users/cristallagus/Desktop/GitHub/Offline_KI/src
2026-06-01 23:29:32,944 - [INFO] - [OK] globaler Begriff 'src' existiert bereits --> Pfad: /Users/cristallagus/Desktop/GitHub/Offline_KI/src
2026-06-01 23:29:32,944 - [INFO] - [OK] globaler Begriff 'src' existiert bereits --> Pfad: /Users/cristallagus/Desktop/GitHub/Offline_KI/src
2026-06-01 23:29:32,946 - [INFO] - [OK] globaler Begriff 'temp' existiert bereits --> Pfad: /Users/cristallagus/Desktop/GitHub/Offline_KI/temp
2026-06-01 23:29:32,946 - [INFO] - [OK] globaler Begriff 'temp' existiert bereits --> Pfad: /Users/cristallagus/Desktop/GitHub/Offline_KI/temp
2026-06-01 23:29:32,946 - [INFO] - [OK] globaler Begriff 'temp' existiert bereits --> Pfad: /Users/cristallagus/Desktop/GitHub/Offline_KI/temp
2026-06-01 23:29:32,948 - [INFO] - Globale Pfad-Begriffe erfolgreich gesichert in: /Users/cristallagus/Desktop/GitHub/Offline_KI/config/project_paths.json
2026-06-01 23:29:32,948 - [INFO] - Globale Pfad-Begriffe erfolgreich gesichert in: /Users/cristallagus/Desktop/GitHub/Offline_KI/config/project_paths.json
2026-06-01 23:29:32,948 - [INFO] - Globale Pfad-Begriffe erfolgreich gesichert in: /Users/cristallagus/Desktop/GitHub/Offline_KI/config/project_paths.json
2026-06-01 23:29:32,950 - [INFO] - --- Projekt-Initialisierung erfolgreich beendet ---

2026-06-01 23:29:32,950 - [INFO] - --- Projekt-Initialisierung erfolgreich beendet ---

2026-06-01 23:29:32,950 - [INFO] - --- Projekt-Initialisierung erfolgreich beendet ---

2026-06-01 23:55:06,420 - [ERROR] - Kritischer Import-Fehler: Das benötigte Paket 'ollama' fehlt im System.
2026-06-01 23:55:06,421 - [ERROR] - Bitte installiere die Abhängigkeiten im Terminal mit: pip install ollama psutil
2026-06-01 23:58:32,220 - [WARNING] - Fehlende Abhängigkeit erkannt: Das Paket 'ollama' ist nicht bereit.
2026-06-01 23:58:32,220 - [WARNING] - Fehlende Abhängigkeit erkannt: Das Paket 'ollama' ist nicht bereit.
2026-06-01 23:58:32,221 - [INFO] - Starte automatische Hintergrund-Installation via pip...
2026-06-01 23:58:32,221 - [INFO] - Starte automatische Hintergrund-Installation via pip...
2026-06-01 23:58:36,982 - [INFO] - Abhängigkeiten erfolgreich im Hintergrund nachinstalliert.
2026-06-01 23:58:36,982 - [INFO] - Abhängigkeiten erfolgreich im Hintergrund nachinstalliert.
2026-06-01 23:58:37,949 - [INFO] - === Start der idiotensicheren Ollama-Hardware-Analyse ===
2026-06-01 23:58:37,949 - [INFO] - Rufe aktuelle Modell-Bibliothek aus dem Internet ab...
2026-06-01 23:58:39,463 - [INFO] - Geräte-Leistungs-Check: 16.0 GB RAM erkannt.
2026-06-01 23:58:39,463 - [INFO] - Berechnete maximale Obergrenze für Modellgröße: 11.2 GB.
2026-06-02 00:00:01,522 - [INFO] - === Start der idiotensicheren Ollama-Hardware-Analyse ===
2026-06-02 00:00:01,522 - [INFO] - Rufe aktuelle Modell-Bibliothek aus dem Internet ab...
2026-06-02 00:00:02,750 - [INFO] - Geräte-Leistungs-Check: 16.0 GB RAM erkannt.
2026-06-02 00:00:02,751 - [INFO] - Berechnete maximale Obergrenze für Modellgröße: 11.2 GB.
2026-06-02 00:03:40,455 - [INFO] - === Start der idiotensicheren Ollama-Hardware-Analyse ===
2026-06-02 00:03:40,455 - [INFO] - === Start der idiotensicheren Ollama-Hardware-Analyse ===
2026-06-02 00:03:40,457 - [INFO] - Rufe aktuelle Modell-Bibliothek aus dem Internet ab...
2026-06-02 00:03:40,457 - [INFO] - Rufe aktuelle Modell-Bibliothek aus dem Internet ab...
2026-06-02 00:03:41,864 - [INFO] - Geräte-Leistungs-Check: 16.0 GB RAM erkannt.
2026-06-02 00:03:41,864 - [INFO] - Geräte-Leistungs-Check: 16.0 GB RAM erkannt.
2026-06-02 00:03:41,866 - [INFO] - Berechnete maximale Obergrenze für Modellgröße: 11.2 GB.
2026-06-02 00:03:41,866 - [INFO] - Berechnete maximale Obergrenze für Modellgröße: 11.2 GB.
2026-06-02 00:04:01,033 - [INFO] - Download durch Benutzer abgebrochen.
2026-06-02 00:04:01,033 - [INFO] - Download durch Benutzer abgebrochen.
2026-06-02 00:05:26,090 - [INFO] - === Start der idiotensicheren Ollama-Hardware-Analyse ===
2026-06-02 00:05:26,090 - [INFO] - === Start der idiotensicheren Ollama-Hardware-Analyse ===
2026-06-02 00:05:26,090 - [INFO] - === Start der idiotensicheren Ollama-Hardware-Analyse ===
2026-06-02 00:05:26,093 - [INFO] - Rufe aktuelle Modell-Bibliothek aus dem Internet ab...
2026-06-02 00:05:26,093 - [INFO] - Rufe aktuelle Modell-Bibliothek aus dem Internet ab...
2026-06-02 00:05:26,093 - [INFO] - Rufe aktuelle Modell-Bibliothek aus dem Internet ab...
2026-06-02 00:05:27,304 - [INFO] - Geräte-Leistungs-Check: 16.0 GB RAM erkannt.
2026-06-02 00:05:27,304 - [INFO] - Geräte-Leistungs-Check: 16.0 GB RAM erkannt.
2026-06-02 00:05:27,304 - [INFO] - Geräte-Leistungs-Check: 16.0 GB RAM erkannt.
2026-06-02 00:05:27,305 - [INFO] - Berechnete maximale Obergrenze für Modellgröße: 11.2 GB.
2026-06-02 00:05:27,305 - [INFO] - Berechnete maximale Obergrenze für Modellgröße: 11.2 GB.
2026-06-02 00:05:27,305 - [INFO] - Berechnete maximale Obergrenze für Modellgröße: 11.2 GB.
2026-06-02 00:08:29,156 - [INFO] - Download durch Benutzer abgebrochen.
2026-06-02 00:08:29,156 - [INFO] - Download durch Benutzer abgebrochen.
2026-06-02 00:08:29,156 - [INFO] - Download durch Benutzer abgebrochen.
2026-06-02 00:09:52,129 - [INFO] - === Start der automatisierten Ollama-Hardware-Analyse ===
2026-06-02 00:09:52,129 - [INFO] - === Start der automatisierten Ollama-Hardware-Analyse ===
2026-06-02 00:09:52,129 - [INFO] - === Start der automatisierten Ollama-Hardware-Analyse ===
2026-06-02 00:09:52,129 - [INFO] - === Start der automatisierten Ollama-Hardware-Analyse ===
2026-06-02 00:09:52,132 - [INFO] - Rufe aktuelle Modell-Bibliothek aus dem Internet ab...
2026-06-02 00:09:52,132 - [INFO] - Rufe aktuelle Modell-Bibliothek aus dem Internet ab...
2026-06-02 00:09:52,132 - [INFO] - Rufe aktuelle Modell-Bibliothek aus dem Internet ab...
2026-06-02 00:09:52,132 - [INFO] - Rufe aktuelle Modell-Bibliothek aus dem Internet ab...
2026-06-02 00:09:53,534 - [INFO] - Geräte-Leistungs-Check: 16.0 GB RAM erkannt.
2026-06-02 00:09:53,534 - [INFO] - Geräte-Leistungs-Check: 16.0 GB RAM erkannt.
2026-06-02 00:09:53,534 - [INFO] - Geräte-Leistungs-Check: 16.0 GB RAM erkannt.
2026-06-02 00:09:53,534 - [INFO] - Geräte-Leistungs-Check: 16.0 GB RAM erkannt.
2026-06-02 00:09:53,536 - [INFO] - Berechnete maximale Obergrenze für Modellgröße: 11.2 GB.
2026-06-02 00:09:53,536 - [INFO] - Berechnete maximale Obergrenze für Modellgröße: 11.2 GB.
2026-06-02 00:09:53,536 - [INFO] - Berechnete maximale Obergrenze für Modellgröße: 11.2 GB.
2026-06-02 00:09:53,536 - [INFO] - Berechnete maximale Obergrenze für Modellgröße: 11.2 GB.
2026-06-02 00:09:53,539 - [INFO] - Starte automatisierten Download für: 'scraped_at'
2026-06-02 00:09:53,539 - [INFO] - Starte automatisierten Download für: 'scraped_at'
2026-06-02 00:09:53,539 - [INFO] - Starte automatisierten Download für: 'scraped_at'
2026-06-02 00:09:53,539 - [INFO] - Starte automatisierten Download für: 'scraped_at'
2026-06-02 00:09:53,546 - [ERROR] - Kritischer Fehler beim Pull-Vorgang: '>' not supported between instances of 'NoneType' and 'int'
Traceback (most recent call last):
  File "/Users/cristallagus/Desktop/GitHub/Offline_KI/src/ollama_hardware_downloader.py", line 207, in smart_hardware_downloader
    if total > 0:
TypeError: '>' not supported between instances of 'NoneType' and 'int'
2026-06-02 00:09:53,546 - [ERROR] - Kritischer Fehler beim Pull-Vorgang: '>' not supported between instances of 'NoneType' and 'int'
Traceback (most recent call last):
  File "/Users/cristallagus/Desktop/GitHub/Offline_KI/src/ollama_hardware_downloader.py", line 207, in smart_hardware_downloader
    if total > 0:
TypeError: '>' not supported between instances of 'NoneType' and 'int'
2026-06-02 00:09:53,546 - [ERROR] - Kritischer Fehler beim Pull-Vorgang: '>' not supported between instances of 'NoneType' and 'int'
Traceback (most recent call last):
  File "/Users/cristallagus/Desktop/GitHub/Offline_KI/src/ollama_hardware_downloader.py", line 207, in smart_hardware_downloader
    if total > 0:
TypeError: '>' not supported between instances of 'NoneType' and 'int'
2026-06-02 00:09:53,546 - [ERROR] - Kritischer Fehler beim Pull-Vorgang: '>' not supported between instances of 'NoneType' and 'int'
Traceback (most recent call last):
  File "/Users/cristallagus/Desktop/GitHub/Offline_KI/src/ollama_hardware_downloader.py", line 207, in smart_hardware_downloader
    if total > 0:
TypeError: '>' not supported between instances of 'NoneType' and 'int'
2026-06-02 00:11:11,031 - [INFO] - === Start der automatisierten Ollama-Hardware-Analyse ===
2026-06-02 00:11:11,031 - [INFO] - === Start der automatisierten Ollama-Hardware-Analyse ===
2026-06-02 00:11:11,031 - [INFO] - === Start der automatisierten Ollama-Hardware-Analyse ===
2026-06-02 00:11:11,031 - [INFO] - === Start der automatisierten Ollama-Hardware-Analyse ===
2026-06-02 00:11:11,031 - [INFO] - === Start der automatisierten Ollama-Hardware-Analyse ===
2026-06-02 00:11:11,033 - [INFO] - Rufe aktuelle Modell-Bibliothek aus dem Internet ab...
2026-06-02 00:11:11,033 - [INFO] - Rufe aktuelle Modell-Bibliothek aus dem Internet ab...
2026-06-02 00:11:11,033 - [INFO] - Rufe aktuelle Modell-Bibliothek aus dem Internet ab...
2026-06-02 00:11:11,033 - [INFO] - Rufe aktuelle Modell-Bibliothek aus dem Internet ab...
2026-06-02 00:11:11,033 - [INFO] - Rufe aktuelle Modell-Bibliothek aus dem Internet ab...
2026-06-02 00:11:12,237 - [INFO] - Geräte-Leistungs-Check: 16.0 GB RAM erkannt.
2026-06-02 00:11:12,237 - [INFO] - Geräte-Leistungs-Check: 16.0 GB RAM erkannt.
2026-06-02 00:11:12,237 - [INFO] - Geräte-Leistungs-Check: 16.0 GB RAM erkannt.
2026-06-02 00:11:12,237 - [INFO] - Geräte-Leistungs-Check: 16.0 GB RAM erkannt.
2026-06-02 00:11:12,237 - [INFO] - Geräte-Leistungs-Check: 16.0 GB RAM erkannt.
2026-06-02 00:11:12,240 - [INFO] - Berechnete maximale Obergrenze für Modellgröße: 11.2 GB.
2026-06-02 00:11:12,240 - [INFO] - Berechnete maximale Obergrenze für Modellgröße: 11.2 GB.
2026-06-02 00:11:12,240 - [INFO] - Berechnete maximale Obergrenze für Modellgröße: 11.2 GB.
2026-06-02 00:11:12,240 - [INFO] - Berechnete maximale Obergrenze für Modellgröße: 11.2 GB.
2026-06-02 00:11:12,240 - [INFO] - Berechnete maximale Obergrenze für Modellgröße: 11.2 GB.
2026-06-02 00:11:12,243 - [INFO] - Starte automatisierten Download für: 'models'
2026-06-02 00:11:12,243 - [INFO] - Starte automatisierten Download für: 'models'
2026-06-02 00:11:12,243 - [INFO] - Starte automatisierten Download für: 'models'
2026-06-02 00:11:12,243 - [INFO] - Starte automatisierten Download für: 'models'
2026-06-02 00:11:12,243 - [INFO] - Starte automatisierten Download für: 'models'
2026-06-02 00:11:12,695 - [ERROR] - Kritischer Fehler beim Pull-Vorgang: pull model manifest: file does not exist (status code: -1)
Traceback (most recent call last):
  File "/Users/cristallagus/Desktop/GitHub/Offline_KI/src/ollama_hardware_downloader.py", line 201, in smart_hardware_downloader
    for progress in ollama.pull(model=perfect_match['name'], stream=True):
  File "/Users/cristallagus/miniconda3/envs/MaiOmni/lib/python3.10/site-packages/ollama/_client.py", line 194, in inner
    raise ResponseError(err)
ollama._types.ResponseError: pull model manifest: file does not exist (status code: -1)
2026-06-02 00:11:12,695 - [ERROR] - Kritischer Fehler beim Pull-Vorgang: pull model manifest: file does not exist (status code: -1)
Traceback (most recent call last):
  File "/Users/cristallagus/Desktop/GitHub/Offline_KI/src/ollama_hardware_downloader.py", line 201, in smart_hardware_downloader
    for progress in ollama.pull(model=perfect_match['name'], stream=True):
  File "/Users/cristallagus/miniconda3/envs/MaiOmni/lib/python3.10/site-packages/ollama/_client.py", line 194, in inner
    raise ResponseError(err)
ollama._types.ResponseError: pull model manifest: file does not exist (status code: -1)
2026-06-02 00:11:12,695 - [ERROR] - Kritischer Fehler beim Pull-Vorgang: pull model manifest: file does not exist (status code: -1)
Traceback (most recent call last):
  File "/Users/cristallagus/Desktop/GitHub/Offline_KI/src/ollama_hardware_downloader.py", line 201, in smart_hardware_downloader
    for progress in ollama.pull(model=perfect_match['name'], stream=True):
  File "/Users/cristallagus/miniconda3/envs/MaiOmni/lib/python3.10/site-packages/ollama/_client.py", line 194, in inner
    raise ResponseError(err)
ollama._types.ResponseError: pull model manifest: file does not exist (status code: -1)
2026-06-02 00:11:12,695 - [ERROR] - Kritischer Fehler beim Pull-Vorgang: pull model manifest: file does not exist (status code: -1)
Traceback (most recent call last):
  File "/Users/cristallagus/Desktop/GitHub/Offline_KI/src/ollama_hardware_downloader.py", line 201, in smart_hardware_downloader
    for progress in ollama.pull(model=perfect_match['name'], stream=True):
  File "/Users/cristallagus/miniconda3/envs/MaiOmni/lib/python3.10/site-packages/ollama/_client.py", line 194, in inner
    raise ResponseError(err)
ollama._types.ResponseError: pull model manifest: file does not exist (status code: -1)
2026-06-02 00:11:12,695 - [ERROR] - Kritischer Fehler beim Pull-Vorgang: pull model manifest: file does not exist (status code: -1)
Traceback (most recent call last):
  File "/Users/cristallagus/Desktop/GitHub/Offline_KI/src/ollama_hardware_downloader.py", line 201, in smart_hardware_downloader
    for progress in ollama.pull(model=perfect_match['name'], stream=True):
  File "/Users/cristallagus/miniconda3/envs/MaiOmni/lib/python3.10/site-packages/ollama/_client.py", line 194, in inner
    raise ResponseError(err)
ollama._types.ResponseError: pull model manifest: file does not exist (status code: -1)
2026-06-02 00:12:33,351 - [INFO] - === Start der automatisierten Ollama-Hardware-Analyse ===
2026-06-02 00:12:33,351 - [INFO] - === Start der automatisierten Ollama-Hardware-Analyse ===
2026-06-02 00:12:33,351 - [INFO] - === Start der automatisierten Ollama-Hardware-Analyse ===
2026-06-02 00:12:33,351 - [INFO] - === Start der automatisierten Ollama-Hardware-Analyse ===
2026-06-02 00:12:33,351 - [INFO] - === Start der automatisierten Ollama-Hardware-Analyse ===
2026-06-02 00:12:33,351 - [INFO] - === Start der automatisierten Ollama-Hardware-Analyse ===
2026-06-02 00:12:33,354 - [INFO] - Rufe aktuelle Modell-Bibliothek aus dem Internet ab...
2026-06-02 00:12:33,354 - [INFO] - Rufe aktuelle Modell-Bibliothek aus dem Internet ab...
2026-06-02 00:12:33,354 - [INFO] - Rufe aktuelle Modell-Bibliothek aus dem Internet ab...
2026-06-02 00:12:33,354 - [INFO] - Rufe aktuelle Modell-Bibliothek aus dem Internet ab...
2026-06-02 00:12:33,354 - [INFO] - Rufe aktuelle Modell-Bibliothek aus dem Internet ab...
2026-06-02 00:12:33,354 - [INFO] - Rufe aktuelle Modell-Bibliothek aus dem Internet ab...
2026-06-02 00:12:34,557 - [INFO] - Geräte-Leistungs-Check: 16.0 GB RAM erkannt.
2026-06-02 00:12:34,557 - [INFO] - Geräte-Leistungs-Check: 16.0 GB RAM erkannt.
2026-06-02 00:12:34,557 - [INFO] - Geräte-Leistungs-Check: 16.0 GB RAM erkannt.
2026-06-02 00:12:34,557 - [INFO] - Geräte-Leistungs-Check: 16.0 GB RAM erkannt.
2026-06-02 00:12:34,557 - [INFO] - Geräte-Leistungs-Check: 16.0 GB RAM erkannt.
2026-06-02 00:12:34,557 - [INFO] - Geräte-Leistungs-Check: 16.0 GB RAM erkannt.
2026-06-02 00:12:34,560 - [INFO] - Berechnete maximale Obergrenze für Modellgröße: 11.2 GB.
2026-06-02 00:12:34,560 - [INFO] - Berechnete maximale Obergrenze für Modellgröße: 11.2 GB.
2026-06-02 00:12:34,560 - [INFO] - Berechnete maximale Obergrenze für Modellgröße: 11.2 GB.
2026-06-02 00:12:34,560 - [INFO] - Berechnete maximale Obergrenze für Modellgröße: 11.2 GB.
2026-06-02 00:12:34,560 - [INFO] - Berechnete maximale Obergrenze für Modellgröße: 11.2 GB.
2026-06-02 00:12:34,560 - [INFO] - Berechnete maximale Obergrenze für Modellgröße: 11.2 GB.
2026-06-02 00:12:34,566 - [INFO] - Starte automatisierten Download für: 'Phi-3 is a family of lightweight 3B (Mini) and 14B (Medium) state-of-the-art open models by Microsoft.'
2026-06-02 00:12:34,566 - [INFO] - Starte automatisierten Download für: 'Phi-3 is a family of lightweight 3B (Mini) and 14B (Medium) state-of-the-art open models by Microsoft.'
2026-06-02 00:12:34,566 - [INFO] - Starte automatisierten Download für: 'Phi-3 is a family of lightweight 3B (Mini) and 14B (Medium) state-of-the-art open models by Microsoft.'
2026-06-02 00:12:34,566 - [INFO] - Starte automatisierten Download für: 'Phi-3 is a family of lightweight 3B (Mini) and 14B (Medium) state-of-the-art open models by Microsoft.'
2026-06-02 00:12:34,566 - [INFO] - Starte automatisierten Download für: 'Phi-3 is a family of lightweight 3B (Mini) and 14B (Medium) state-of-the-art open models by Microsoft.'
2026-06-02 00:12:34,566 - [INFO] - Starte automatisierten Download für: 'Phi-3 is a family of lightweight 3B (Mini) and 14B (Medium) state-of-the-art open models by Microsoft.'
2026-06-02 00:12:34,572 - [ERROR] - Kritischer Fehler beim Pull-Vorgang: invalid model name (status code: 400)
Traceback (most recent call last):
  File "/Users/cristallagus/Desktop/GitHub/Offline_KI/src/ollama_hardware_downloader.py", line 210, in smart_hardware_downloader
    for progress in ollama.pull(model=perfect_match['name'], stream=True):
  File "/Users/cristallagus/miniconda3/envs/MaiOmni/lib/python3.10/site-packages/ollama/_client.py", line 189, in inner
    raise ResponseError(e.response.text, e.response.status_code) from None
ollama._types.ResponseError: invalid model name (status code: 400)
2026-06-02 00:12:34,572 - [ERROR] - Kritischer Fehler beim Pull-Vorgang: invalid model name (status code: 400)
Traceback (most recent call last):
  File "/Users/cristallagus/Desktop/GitHub/Offline_KI/src/ollama_hardware_downloader.py", line 210, in smart_hardware_downloader
    for progress in ollama.pull(model=perfect_match['name'], stream=True):
  File "/Users/cristallagus/miniconda3/envs/MaiOmni/lib/python3.10/site-packages/ollama/_client.py", line 189, in inner
    raise ResponseError(e.response.text, e.response.status_code) from None
ollama._types.ResponseError: invalid model name (status code: 400)
2026-06-02 00:12:34,572 - [ERROR] - Kritischer Fehler beim Pull-Vorgang: invalid model name (status code: 400)
Traceback (most recent call last):
  File "/Users/cristallagus/Desktop/GitHub/Offline_KI/src/ollama_hardware_downloader.py", line 210, in smart_hardware_downloader
    for progress in ollama.pull(model=perfect_match['name'], stream=True):
  File "/Users/cristallagus/miniconda3/envs/MaiOmni/lib/python3.10/site-packages/ollama/_client.py", line 189, in inner
    raise ResponseError(e.response.text, e.response.status_code) from None
ollama._types.ResponseError: invalid model name (status code: 400)
2026-06-02 00:12:34,572 - [ERROR] - Kritischer Fehler beim Pull-Vorgang: invalid model name (status code: 400)
Traceback (most recent call last):
  File "/Users/cristallagus/Desktop/GitHub/Offline_KI/src/ollama_hardware_downloader.py", line 210, in smart_hardware_downloader
    for progress in ollama.pull(model=perfect_match['name'], stream=True):
  File "/Users/cristallagus/miniconda3/envs/MaiOmni/lib/python3.10/site-packages/ollama/_client.py", line 189, in inner
    raise ResponseError(e.response.text, e.response.status_code) from None
ollama._types.ResponseError: invalid model name (status code: 400)
2026-06-02 00:12:34,572 - [ERROR] - Kritischer Fehler beim Pull-Vorgang: invalid model name (status code: 400)
Traceback (most recent call last):
  File "/Users/cristallagus/Desktop/GitHub/Offline_KI/src/ollama_hardware_downloader.py", line 210, in smart_hardware_downloader
    for progress in ollama.pull(model=perfect_match['name'], stream=True):
  File "/Users/cristallagus/miniconda3/envs/MaiOmni/lib/python3.10/site-packages/ollama/_client.py", line 189, in inner
    raise ResponseError(e.response.text, e.response.status_code) from None
ollama._types.ResponseError: invalid model name (status code: 400)
2026-06-02 00:12:34,572 - [ERROR] - Kritischer Fehler beim Pull-Vorgang: invalid model name (status code: 400)
Traceback (most recent call last):
  File "/Users/cristallagus/Desktop/GitHub/Offline_KI/src/ollama_hardware_downloader.py", line 210, in smart_hardware_downloader
    for progress in ollama.pull(model=perfect_match['name'], stream=True):
  File "/Users/cristallagus/miniconda3/envs/MaiOmni/lib/python3.10/site-packages/ollama/_client.py", line 189, in inner
    raise ResponseError(e.response.text, e.response.status_code) from None
ollama._types.ResponseError: invalid model name (status code: 400)
2026-06-02 00:14:22,786 - [INFO] - === Start der automatisierten Ollama-Hardware-Analyse ===
2026-06-02 00:14:22,786 - [INFO] - Rufe aktuelle Modell-Bibliothek aus dem Internet ab...
2026-06-02 00:14:23,988 - [INFO] - Geräte-Leistungs-Check: 16.0 GB RAM erkannt.
2026-06-02 00:14:23,989 - [INFO] - Berechnete maximale Obergrenze für Modellgröße: 11.2 GB.
2026-06-02 00:14:23,990 - [INFO] - Starte automatisierten Download für: 'Reference'
2026-06-02 00:14:24,510 - [ERROR] - Kritischer Fehler beim Pull-Vorgang: pull model manifest: file does not exist (status code: -1)
Traceback (most recent call last):
  File "/Users/cristallagus/Desktop/GitHub/Offline_KI/src/ollama_hardware_downloader.py", line 222, in smart_hardware_downloader
    for progress in ollama.pull(model=perfect_match['name'], stream=True):
  File "/Users/cristallagus/miniconda3/envs/MaiOmni/lib/python3.10/site-packages/ollama/_client.py", line 194, in inner
    raise ResponseError(err)
ollama._types.ResponseError: pull model manifest: file does not exist (status code: -1)
2026-06-02 00:16:01,209 - [INFO] - === Start der automatisierten Ollama-Hardware-Analyse ===
2026-06-02 00:16:01,210 - [INFO] - Rufe aktuelle Modell-Bibliothek aus dem Internet ab...
2026-06-02 00:16:02,557 - [INFO] - Geräte-Leistungs-Check: 16.0 GB RAM erkannt.
2026-06-02 00:16:02,558 - [INFO] - Berechnete maximale Obergrenze für Modellgröße: 11.2 GB.
2026-06-02 00:16:02,559 - [INFO] - Starte automatisisierten Download für: 'Codestral'
2026-06-02 03:38:04,588 - [ERROR] - Kritischer Fehler beim Pull-Vorgang: max retries exceeded: read tcp 192.168.68.102:56856->172.64.66.1:443: read: connection reset by peer (status code: -1)
Traceback (most recent call last):
  File "/Users/cristallagus/Desktop/GitHub/Offline_KI/src/ollama_hardware_downloader.py", line 225, in smart_hardware_downloader
    for progress in ollama.pull(model=perfect_match['name'], stream=True):
  File "/Users/cristallagus/miniconda3/envs/MaiOmni/lib/python3.10/site-packages/ollama/_client.py", line 194, in inner
    raise ResponseError(err)
ollama._types.ResponseError: max retries exceeded: read tcp 192.168.68.102:56856->172.64.66.1:443: read: connection reset by peer (status code: -1)
2026-06-02 13:36:13,179 - [INFO] - === Start der automatisierten Ollama-Hardware-Analyse ===
2026-06-02 13:36:13,180 - [INFO] - Rufe aktuelle Modell-Bibliothek aus dem Internet ab...
2026-06-02 13:36:15,813 - [INFO] - Geräte-Leistungs-Check: 16.0 GB RAM erkannt.
2026-06-02 13:36:15,814 - [INFO] - Berechnete maximale Obergrenze für Modellgröße: 11.2 GB.
2026-06-02 13:36:15,815 - [INFO] - Starte automatisisierten Download für: 'Codestral'
2026-06-02 13:39:41,463 - [INFO] - === Start der automatisierten Ollama-Hardware-Analyse ===
2026-06-02 13:39:41,464 - [INFO] - Rufe aktuelle Modell-Bibliothek aus dem Internet ab...
2026-06-02 13:39:43,426 - [INFO] - Geräte-Leistungs-Check: 16.0 GB RAM erkannt.
2026-06-02 13:39:43,427 - [INFO] - Berechnete maximale Obergrenze für Modellgröße: 11.2 GB.
2026-06-02 13:39:43,428 - [INFO] - Starte automatisisierten Download für: 'Codestral'
2026-06-02 13:44:21,563 - [INFO] - Erfolgreich! 'Codestral' wurde hardwarekonform installiert.
2026-06-02 13:44:21,567 - [INFO] - Aktiver System-Status gesichert in: /Users/cristallagus/Desktop/GitHub/Offline_KI/config/active_model.json
2026-06-02 18:30:58,180 - [INFO] - === Start der automatisierten Ollama-Hardware-Analyse ===
2026-06-02 18:30:58,181 - [INFO] - Rufe aktuelle Modell-Bibliothek aus dem Internet ab...
2026-06-02 18:31:00,854 - [INFO] - Geräte-Leistungs-Check: 16.0 GB RAM erkannt.
2026-06-02 18:31:00,855 - [INFO] - Berechnete maximale Obergrenze für Modellgröße: 11.2 GB.
2026-06-02 18:31:00,856 - [INFO] - Starte automatisisierten Download für: 'Codestral'
2026-06-02 18:31:01,846 - [INFO] - Erfolgreich! 'Codestral' wurde hardwarekonform installiert.
2026-06-02 18:31:01,850 - [INFO] - Aktiver System-Status gesichert in: /Users/cristallagus/Desktop/GitHub/Offline_KI/config/active_model.json
2026-06-02 18:32:44,538 - [INFO] - === Start der automatischen Jupyter AI Installation ===
2026-06-02 18:32:44,539 - [INFO] - Prüfe und installiere Pakete: ['jupyter-ai', 'jupyterlab']
2026-06-02 18:34:09,687 - [INFO] - Jupyter AI und Abhängigkeiten erfolgreich nachinstalliert.
2026-06-02 18:34:09,691 - [INFO] - Jupyter AI erfolgreich im RAM registriert.
2026-06-04 16:12:54,235 - [INFO] - --- Projekt-Initialisierung gestartet ---
2026-06-04 16:12:54,235 - [INFO] - Bestätigtes Hauptverzeichnis (Root): /Users/cristallagus/Desktop/GitHub/Offline_KI
2026-06-04 16:12:54,236 - [INFO] - [OK] globaler Begriff 'root' existiert bereits --> Pfad: /Users/cristallagus/Desktop/GitHub/Offline_KI
2026-06-04 16:12:54,236 - [INFO] - [OK] globaler Begriff 'config' existiert bereits --> Pfad: /Users/cristallagus/Desktop/GitHub/Offline_KI/config
2026-06-04 16:12:54,237 - [INFO] - [OK] globaler Begriff 'data' existiert bereits --> Pfad: /Users/cristallagus/Desktop/GitHub/Offline_KI/data
2026-06-04 16:12:54,237 - [INFO] - [OK] globaler Begriff 'docker' existiert bereits --> Pfad: /Users/cristallagus/Desktop/GitHub/Offline_KI/docker
2026-06-04 16:12:54,238 - [INFO] - [OK] globaler Begriff 'knowledge' existiert bereits --> Pfad: /Users/cristallagus/Desktop/GitHub/Offline_KI/knowledge
2026-06-04 16:12:54,238 - [INFO] - [OK] globaler Begriff 'logs' existiert bereits --> Pfad: /Users/cristallagus/Desktop/GitHub/Offline_KI/logs
2026-06-04 16:12:54,239 - [INFO] - [OK] globaler Begriff 'notebooks' existiert bereits --> Pfad: /Users/cristallagus/Desktop/GitHub/Offline_KI/notebooks
2026-06-04 16:12:54,239 - [INFO] - [OK] globaler Begriff 'privacy' existiert bereits --> Pfad: /Users/cristallagus/Desktop/GitHub/Offline_KI/privacy
2026-06-04 16:12:54,239 - [INFO] - [OK] globaler Begriff 'src' existiert bereits --> Pfad: /Users/cristallagus/Desktop/GitHub/Offline_KI/src
2026-06-04 16:12:54,240 - [INFO] - [OK] globaler Begriff 'temp' existiert bereits --> Pfad: /Users/cristallagus/Desktop/GitHub/Offline_KI/temp
2026-06-04 16:12:54,241 - [INFO] - Globale Pfad-Begriffe erfolgreich gesichert in: /Users/cristallagus/Desktop/GitHub/Offline_KI/config/project_paths.json
2026-06-04 16:12:54,243 - [INFO] - --- Projekt-Initialisierung erfolgreich beendet ---

2026-06-04 16:21:24,607 - [INFO] - --- Projekt-Initialisierung gestartet ---
2026-06-04 16:21:24,607 - [INFO] - --- Projekt-Initialisierung gestartet ---
2026-06-04 16:21:24,608 - [INFO] - Bestätigtes Hauptverzeichnis (Root): /Users/cristallagus/Desktop/GitHub/Offline_KI
2026-06-04 16:21:24,608 - [INFO] - Bestätigtes Hauptverzeichnis (Root): /Users/cristallagus/Desktop/GitHub/Offline_KI
2026-06-04 16:21:24,609 - [INFO] - [OK] globaler Begriff 'root' existiert bereits --> Pfad: /Users/cristallagus/Desktop/GitHub/Offline_KI
2026-06-04 16:21:24,609 - [INFO] - [OK] globaler Begriff 'root' existiert bereits --> Pfad: /Users/cristallagus/Desktop/GitHub/Offline_KI
2026-06-04 16:21:24,610 - [INFO] - [OK] globaler Begriff 'config' existiert bereits --> Pfad: /Users/cristallagus/Desktop/GitHub/Offline_KI/config
2026-06-04 16:21:24,610 - [INFO] - [OK] globaler Begriff 'config' existiert bereits --> Pfad: /Users/cristallagus/Desktop/GitHub/Offline_KI/config
2026-06-04 16:21:24,611 - [INFO] - [OK] globaler Begriff 'data' existiert bereits --> Pfad: /Users/cristallagus/Desktop/GitHub/Offline_KI/data
2026-06-04 16:21:24,611 - [INFO] - [OK] globaler Begriff 'data' existiert bereits --> Pfad: /Users/cristallagus/Desktop/GitHub/Offline_KI/data
2026-06-04 16:21:24,613 - [INFO] - [OK] globaler Begriff 'docker' existiert bereits --> Pfad: /Users/cristallagus/Desktop/GitHub/Offline_KI/docker
2026-06-04 16:21:24,613 - [INFO] - [OK] globaler Begriff 'docker' existiert bereits --> Pfad: /Users/cristallagus/Desktop/GitHub/Offline_KI/docker
2026-06-04 16:21:24,614 - [INFO] - [OK] globaler Begriff 'knowledge' existiert bereits --> Pfad: /Users/cristallagus/Desktop/GitHub/Offline_KI/knowledge
2026-06-04 16:21:24,614 - [INFO] - [OK] globaler Begriff 'knowledge' existiert bereits --> Pfad: /Users/cristallagus/Desktop/GitHub/Offline_KI/knowledge
2026-06-04 16:21:24,614 - [INFO] - [OK] globaler Begriff 'logs' existiert bereits --> Pfad: /Users/cristallagus/Desktop/GitHub/Offline_KI/logs
2026-06-04 16:21:24,614 - [INFO] - [OK] globaler Begriff 'logs' existiert bereits --> Pfad: /Users/cristallagus/Desktop/GitHub/Offline_KI/logs
2026-06-04 16:21:24,615 - [INFO] - [OK] globaler Begriff 'notebooks' existiert bereits --> Pfad: /Users/cristallagus/Desktop/GitHub/Offline_KI/notebooks
2026-06-04 16:21:24,615 - [INFO] - [OK] globaler Begriff 'notebooks' existiert bereits --> Pfad: /Users/cristallagus/Desktop/GitHub/Offline_KI/notebooks
2026-06-04 16:21:24,616 - [INFO] - [OK] globaler Begriff 'privacy' existiert bereits --> Pfad: /Users/cristallagus/Desktop/GitHub/Offline_KI/privacy
2026-06-04 16:21:24,616 - [INFO] - [OK] globaler Begriff 'privacy' existiert bereits --> Pfad: /Users/cristallagus/Desktop/GitHub/Offline_KI/privacy
2026-06-04 16:21:24,618 - [INFO] - [OK] globaler Begriff 'src' existiert bereits --> Pfad: /Users/cristallagus/Desktop/GitHub/Offline_KI/src
2026-06-04 16:21:24,618 - [INFO] - [OK] globaler Begriff 'src' existiert bereits --> Pfad: /Users/cristallagus/Desktop/GitHub/Offline_KI/src
2026-06-04 16:21:24,620 - [INFO] - [OK] globaler Begriff 'temp' existiert bereits --> Pfad: /Users/cristallagus/Desktop/GitHub/Offline_KI/temp
2026-06-04 16:21:24,620 - [INFO] - [OK] globaler Begriff 'temp' existiert bereits --> Pfad: /Users/cristallagus/Desktop/GitHub/Offline_KI/temp
2026-06-04 16:21:24,621 - [INFO] - Globale Pfad-Begriffe erfolgreich gesichert in: /Users/cristallagus/Desktop/GitHub/Offline_KI/config/project_paths.json
2026-06-04 16:21:24,621 - [INFO] - Globale Pfad-Begriffe erfolgreich gesichert in: /Users/cristallagus/Desktop/GitHub/Offline_KI/config/project_paths.json
2026-06-04 16:21:24,622 - [INFO] - --- Projekt-Initialisierung erfolgreich beendet ---

2026-06-04 16:21:24,622 - [INFO] - --- Projekt-Initialisierung erfolgreich beendet ---

2026-06-04 16:23:06,840 - [INFO] - --- Projekt-Initialisierung gestartet ---
2026-06-04 16:23:06,840 - [INFO] - --- Projekt-Initialisierung gestartet ---
2026-06-04 16:23:06,840 - [INFO] - --- Projekt-Initialisierung gestartet ---
2026-06-04 16:23:06,841 - [INFO] - Bestätigtes Hauptverzeichnis (Root): /Users/cristallagus/Desktop/GitHub/Offline_KI
2026-06-04 16:23:06,841 - [INFO] - Bestätigtes Hauptverzeichnis (Root): /Users/cristallagus/Desktop/GitHub/Offline_KI
2026-06-04 16:23:06,841 - [INFO] - Bestätigtes Hauptverzeichnis (Root): /Users/cristallagus/Desktop/GitHub/Offline_KI
2026-06-04 16:23:06,843 - [INFO] - [OK] globaler Begriff 'root' existiert bereits --> Pfad: /Users/cristallagus/Desktop/GitHub/Offline_KI
2026-06-04 16:23:06,843 - [INFO] - [OK] globaler Begriff 'root' existiert bereits --> Pfad: /Users/cristallagus/Desktop/GitHub/Offline_KI
2026-06-04 16:23:06,843 - [INFO] - [OK] globaler Begriff 'root' existiert bereits --> Pfad: /Users/cristallagus/Desktop/GitHub/Offline_KI
2026-06-04 16:23:06,844 - [INFO] - [OK] globaler Begriff 'config' existiert bereits --> Pfad: /Users/cristallagus/Desktop/GitHub/Offline_KI/config
2026-06-04 16:23:06,844 - [INFO] - [OK] globaler Begriff 'config' existiert bereits --> Pfad: /Users/cristallagus/Desktop/GitHub/Offline_KI/config
2026-06-04 16:23:06,844 - [INFO] - [OK] globaler Begriff 'config' existiert bereits --> Pfad: /Users/cristallagus/Desktop/GitHub/Offline_KI/config
2026-06-04 16:23:06,847 - [INFO] - [OK] globaler Begriff 'data' existiert bereits --> Pfad: /Users/cristallagus/Desktop/GitHub/Offline_KI/data
2026-06-04 16:23:06,847 - [INFO] - [OK] globaler Begriff 'data' existiert bereits --> Pfad: /Users/cristallagus/Desktop/GitHub/Offline_KI/data
2026-06-04 16:23:06,847 - [INFO] - [OK] globaler Begriff 'data' existiert bereits --> Pfad: /Users/cristallagus/Desktop/GitHub/Offline_KI/data
2026-06-04 16:23:06,848 - [INFO] - [OK] globaler Begriff 'docker' existiert bereits --> Pfad: /Users/cristallagus/Desktop/GitHub/Offline_KI/docker
2026-06-04 16:23:06,848 - [INFO] - [OK] globaler Begriff 'docker' existiert bereits --> Pfad: /Users/cristallagus/Desktop/GitHub/Offline_KI/docker
2026-06-04 16:23:06,848 - [INFO] - [OK] globaler Begriff 'docker' existiert bereits --> Pfad: /Users/cristallagus/Desktop/GitHub/Offline_KI/docker
2026-06-04 16:23:06,850 - [INFO] - [OK] globaler Begriff 'knowledge' existiert bereits --> Pfad: /Users/cristallagus/Desktop/GitHub/Offline_KI/knowledge
2026-06-04 16:23:06,850 - [INFO] - [OK] globaler Begriff 'knowledge' existiert bereits --> Pfad: /Users/cristallagus/Desktop/GitHub/Offline_KI/knowledge
2026-06-04 16:23:06,850 - [INFO] - [OK] globaler Begriff 'knowledge' existiert bereits --> Pfad: /Users/cristallagus/Desktop/GitHub/Offline_KI/knowledge
2026-06-04 16:23:06,852 - [INFO] - [OK] globaler Begriff 'logs' existiert bereits --> Pfad: /Users/cristallagus/Desktop/GitHub/Offline_KI/logs
2026-06-04 16:23:06,852 - [INFO] - [OK] globaler Begriff 'logs' existiert bereits --> Pfad: /Users/cristallagus/Desktop/GitHub/Offline_KI/logs
2026-06-04 16:23:06,852 - [INFO] - [OK] globaler Begriff 'logs' existiert bereits --> Pfad: /Users/cristallagus/Desktop/GitHub/Offline_KI/logs
2026-06-04 16:23:06,853 - [INFO] - [OK] globaler Begriff 'notebooks' existiert bereits --> Pfad: /Users/cristallagus/Desktop/GitHub/Offline_KI/notebooks
2026-06-04 16:23:06,853 - [INFO] - [OK] globaler Begriff 'notebooks' existiert bereits --> Pfad: /Users/cristallagus/Desktop/GitHub/Offline_KI/notebooks
2026-06-04 16:23:06,853 - [INFO] - [OK] globaler Begriff 'notebooks' existiert bereits --> Pfad: /Users/cristallagus/Desktop/GitHub/Offline_KI/notebooks
2026-06-04 16:23:06,855 - [INFO] - [OK] globaler Begriff 'privacy' existiert bereits --> Pfad: /Users/cristallagus/Desktop/GitHub/Offline_KI/privacy
2026-06-04 16:23:06,855 - [INFO] - [OK] globaler Begriff 'privacy' existiert bereits --> Pfad: /Users/cristallagus/Desktop/GitHub/Offline_KI/privacy
2026-06-04 16:23:06,855 - [INFO] - [OK] globaler Begriff 'privacy' existiert bereits --> Pfad: /Users/cristallagus/Desktop/GitHub/Offline_KI/privacy
2026-06-04 16:23:06,856 - [INFO] - [OK] globaler Begriff 'src' existiert bereits --> Pfad: /Users/cristallagus/Desktop/GitHub/Offline_KI/src
2026-06-04 16:23:06,856 - [INFO] - [OK] globaler Begriff 'src' existiert bereits --> Pfad: /Users/cristallagus/Desktop/GitHub/Offline_KI/src
2026-06-04 16:23:06,856 - [INFO] - [OK] globaler Begriff 'src' existiert bereits --> Pfad: /Users/cristallagus/Desktop/GitHub/Offline_KI/src
2026-06-04 16:23:06,858 - [INFO] - [OK] globaler Begriff 'temp' existiert bereits --> Pfad: /Users/cristallagus/Desktop/GitHub/Offline_KI/temp
2026-06-04 16:23:06,858 - [INFO] - [OK] globaler Begriff 'temp' existiert bereits --> Pfad: /Users/cristallagus/Desktop/GitHub/Offline_KI/temp
2026-06-04 16:23:06,858 - [INFO] - [OK] globaler Begriff 'temp' existiert bereits --> Pfad: /Users/cristallagus/Desktop/GitHub/Offline_KI/temp
2026-06-04 16:23:06,860 - [INFO] - Globale Pfad-Begriffe erfolgreich gesichert in: /Users/cristallagus/Desktop/GitHub/Offline_KI/config/project_paths.json
2026-06-04 16:23:06,860 - [INFO] - Globale Pfad-Begriffe erfolgreich gesichert in: /Users/cristallagus/Desktop/GitHub/Offline_KI/config/project_paths.json
2026-06-04 16:23:06,860 - [INFO] - Globale Pfad-Begriffe erfolgreich gesichert in: /Users/cristallagus/Desktop/GitHub/Offline_KI/config/project_paths.json
2026-06-04 16:23:06,861 - [INFO] - --- Projekt-Initialisierung erfolgreich beendet ---

2026-06-04 16:23:06,861 - [INFO] - --- Projekt-Initialisierung erfolgreich beendet ---

2026-06-04 16:23:06,861 - [INFO] - --- Projekt-Initialisierung erfolgreich beendet ---

2026-06-04 16:23:08,813 - [INFO] - --- Projekt-Initialisierung gestartet ---
2026-06-04 16:23:08,813 - [INFO] - --- Projekt-Initialisierung gestartet ---
2026-06-04 16:23:08,813 - [INFO] - --- Projekt-Initialisierung gestartet ---
2026-06-04 16:23:08,813 - [INFO] - --- Projekt-Initialisierung gestartet ---
2026-06-04 16:23:08,817 - [INFO] - Bestätigtes Hauptverzeichnis (Root): /Users/cristallagus/Desktop/GitHub/Offline_KI
2026-06-04 16:23:08,817 - [INFO] - Bestätigtes Hauptverzeichnis (Root): /Users/cristallagus/Desktop/GitHub/Offline_KI
2026-06-04 16:23:08,817 - [INFO] - Bestätigtes Hauptverzeichnis (Root): /Users/cristallagus/Desktop/GitHub/Offline_KI
2026-06-04 16:23:08,817 - [INFO] - Bestätigtes Hauptverzeichnis (Root): /Users/cristallagus/Desktop/GitHub/Offline_KI
2026-06-04 16:23:08,819 - [INFO] - [OK] globaler Begriff 'root' existiert bereits --> Pfad: /Users/cristallagus/Desktop/GitHub/Offline_KI
2026-06-04 16:23:08,819 - [INFO] - [OK] globaler Begriff 'root' existiert bereits --> Pfad: /Users/cristallagus/Desktop/GitHub/Offline_KI
2026-06-04 16:23:08,819 - [INFO] - [OK] globaler Begriff 'root' existiert bereits --> Pfad: /Users/cristallagus/Desktop/GitHub/Offline_KI
2026-06-04 16:23:08,819 - [INFO] - [OK] globaler Begriff 'root' existiert bereits --> Pfad: /Users/cristallagus/Desktop/GitHub/Offline_KI
2026-06-04 16:23:08,821 - [INFO] - [OK] globaler Begriff 'config' existiert bereits --> Pfad: /Users/cristallagus/Desktop/GitHub/Offline_KI/config
2026-06-04 16:23:08,821 - [INFO] - [OK] globaler Begriff 'config' existiert bereits --> Pfad: /Users/cristallagus/Desktop/GitHub/Offline_KI/config
2026-06-04 16:23:08,821 - [INFO] - [OK] globaler Begriff 'config' existiert bereits --> Pfad: /Users/cristallagus/Desktop/GitHub/Offline_KI/config
2026-06-04 16:23:08,821 - [INFO] - [OK] globaler Begriff 'config' existiert bereits --> Pfad: /Users/cristallagus/Desktop/GitHub/Offline_KI/config
2026-06-04 16:23:08,823 - [INFO] - [OK] globaler Begriff 'data' existiert bereits --> Pfad: /Users/cristallagus/Desktop/GitHub/Offline_KI/data
2026-06-04 16:23:08,823 - [INFO] - [OK] globaler Begriff 'data' existiert bereits --> Pfad: /Users/cristallagus/Desktop/GitHub/Offline_KI/data
2026-06-04 16:23:08,823 - [INFO] - [OK] globaler Begriff 'data' existiert bereits --> Pfad: /Users/cristallagus/Desktop/GitHub/Offline_KI/data
2026-06-04 16:23:08,823 - [INFO] - [OK] globaler Begriff 'data' existiert bereits --> Pfad: /Users/cristallagus/Desktop/GitHub/Offline_KI/data
2026-06-04 16:23:08,824 - [INFO] - [OK] globaler Begriff 'docker' existiert bereits --> Pfad: /Users/cristallagus/Desktop/GitHub/Offline_KI/docker
2026-06-04 16:23:08,824 - [INFO] - [OK] globaler Begriff 'docker' existiert bereits --> Pfad: /Users/cristallagus/Desktop/GitHub/Offline_KI/docker
2026-06-04 16:23:08,824 - [INFO] - [OK] globaler Begriff 'docker' existiert bereits --> Pfad: /Users/cristallagus/Desktop/GitHub/Offline_KI/docker
2026-06-04 16:23:08,824 - [INFO] - [OK] globaler Begriff 'docker' existiert bereits --> Pfad: /Users/cristallagus/Desktop/GitHub/Offline_KI/docker
2026-06-04 16:23:08,827 - [INFO] - [OK] globaler Begriff 'knowledge' existiert bereits --> Pfad: /Users/cristallagus/Desktop/GitHub/Offline_KI/knowledge
2026-06-04 16:23:08,827 - [INFO] - [OK] globaler Begriff 'knowledge' existiert bereits --> Pfad: /Users/cristallagus/Desktop/GitHub/Offline_KI/knowledge
2026-06-04 16:23:08,827 - [INFO] - [OK] globaler Begriff 'knowledge' existiert bereits --> Pfad: /Users/cristallagus/Desktop/GitHub/Offline_KI/knowledge
2026-06-04 16:23:08,827 - [INFO] - [OK] globaler Begriff 'knowledge' existiert bereits --> Pfad: /Users/cristallagus/Desktop/GitHub/Offline_KI/knowledge
2026-06-04 16:23:08,829 - [INFO] - [OK] globaler Begriff 'logs' existiert bereits --> Pfad: /Users/cristallagus/Desktop/GitHub/Offline_KI/logs
2026-06-04 16:23:08,829 - [INFO] - [OK] globaler Begriff 'logs' existiert bereits --> Pfad: /Users/cristallagus/Desktop/GitHub/Offline_KI/logs
2026-06-04 16:23:08,829 - [INFO] - [OK] globaler Begriff 'logs' existiert bereits --> Pfad: /Users/cristallagus/Desktop/GitHub/Offline_KI/logs
2026-06-04 16:23:08,829 - [INFO] - [OK] globaler Begriff 'logs' existiert bereits --> Pfad: /Users/cristallagus/Desktop/GitHub/Offline_KI/logs
2026-06-04 16:23:08,831 - [INFO] - [OK] globaler Begriff 'notebooks' existiert bereits --> Pfad: /Users/cristallagus/Desktop/GitHub/Offline_KI/notebooks
2026-06-04 16:23:08,831 - [INFO] - [OK] globaler Begriff 'notebooks' existiert bereits --> Pfad: /Users/cristallagus/Desktop/GitHub/Offline_KI/notebooks
2026-06-04 16:23:08,831 - [INFO] - [OK] globaler Begriff 'notebooks' existiert bereits --> Pfad: /Users/cristallagus/Desktop/GitHub/Offline_KI/notebooks
2026-06-04 16:23:08,831 - [INFO] - [OK] globaler Begriff 'notebooks' existiert bereits --> Pfad: /Users/cristallagus/Desktop/GitHub/Offline_KI/notebooks
2026-06-04 16:23:08,832 - [INFO] - [OK] globaler Begriff 'privacy' existiert bereits --> Pfad: /Users/cristallagus/Desktop/GitHub/Offline_KI/privacy
2026-06-04 16:23:08,832 - [INFO] - [OK] globaler Begriff 'privacy' existiert bereits --> Pfad: /Users/cristallagus/Desktop/GitHub/Offline_KI/privacy
2026-06-04 16:23:08,832 - [INFO] - [OK] globaler Begriff 'privacy' existiert bereits --> Pfad: /Users/cristallagus/Desktop/GitHub/Offline_KI/privacy
2026-06-04 16:23:08,832 - [INFO] - [OK] globaler Begriff 'privacy' existiert bereits --> Pfad: /Users/cristallagus/Desktop/GitHub/Offline_KI/privacy
2026-06-04 16:23:08,835 - [INFO] - [OK] globaler Begriff 'src' existiert bereits --> Pfad: /Users/cristallagus/Desktop/GitHub/Offline_KI/src
2026-06-04 16:23:08,835 - [INFO] - [OK] globaler Begriff 'src' existiert bereits --> Pfad: /Users/cristallagus/Desktop/GitHub/Offline_KI/src
2026-06-04 16:23:08,835 - [INFO] - [OK] globaler Begriff 'src' existiert bereits --> Pfad: /Users/cristallagus/Desktop/GitHub/Offline_KI/src
2026-06-04 16:23:08,835 - [INFO] - [OK] globaler Begriff 'src' existiert bereits --> Pfad: /Users/cristallagus/Desktop/GitHub/Offline_KI/src
2026-06-04 16:23:08,836 - [INFO] - [OK] globaler Begriff 'temp' existiert bereits --> Pfad: /Users/cristallagus/Desktop/GitHub/Offline_KI/temp
2026-06-04 16:23:08,836 - [INFO] - [OK] globaler Begriff 'temp' existiert bereits --> Pfad: /Users/cristallagus/Desktop/GitHub/Offline_KI/temp
2026-06-04 16:23:08,836 - [INFO] - [OK] globaler Begriff 'temp' existiert bereits --> Pfad: /Users/cristallagus/Desktop/GitHub/Offline_KI/temp
2026-06-04 16:23:08,836 - [INFO] - [OK] globaler Begriff 'temp' existiert bereits --> Pfad: /Users/cristallagus/Desktop/GitHub/Offline_KI/temp
2026-06-04 16:23:08,838 - [INFO] - Globale Pfad-Begriffe erfolgreich gesichert in: /Users/cristallagus/Desktop/GitHub/Offline_KI/config/project_paths.json
2026-06-04 16:23:08,838 - [INFO] - Globale Pfad-Begriffe erfolgreich gesichert in: /Users/cristallagus/Desktop/GitHub/Offline_KI/config/project_paths.json
2026-06-04 16:23:08,838 - [INFO] - Globale Pfad-Begriffe erfolgreich gesichert in: /Users/cristallagus/Desktop/GitHub/Offline_KI/config/project_paths.json
2026-06-04 16:23:08,838 - [INFO] - Globale Pfad-Begriffe erfolgreich gesichert in: /Users/cristallagus/Desktop/GitHub/Offline_KI/config/project_paths.json
2026-06-04 16:23:08,841 - [INFO] - --- Projekt-Initialisierung erfolgreich beendet ---

2026-06-04 16:23:08,841 - [INFO] - --- Projekt-Initialisierung erfolgreich beendet ---

2026-06-04 16:23:08,841 - [INFO] - --- Projekt-Initialisierung erfolgreich beendet ---

2026-06-04 16:23:08,841 - [INFO] - --- Projekt-Initialisierung erfolgreich beendet ---

2026-06-04 16:23:09,322 - [INFO] - --- Projekt-Initialisierung gestartet ---
2026-06-04 16:23:09,322 - [INFO] - --- Projekt-Initialisierung gestartet ---
2026-06-04 16:23:09,322 - [INFO] - --- Projekt-Initialisierung gestartet ---
2026-06-04 16:23:09,322 - [INFO] - --- Projekt-Initialisierung gestartet ---
2026-06-04 16:23:09,322 - [INFO] - --- Projekt-Initialisierung gestartet ---
2026-06-04 16:23:09,325 - [INFO] - Bestätigtes Hauptverzeichnis (Root): /Users/cristallagus/Desktop/GitHub/Offline_KI
2026-06-04 16:23:09,325 - [INFO] - Bestätigtes Hauptverzeichnis (Root): /Users/cristallagus/Desktop/GitHub/Offline_KI
2026-06-04 16:23:09,325 - [INFO] - Bestätigtes Hauptverzeichnis (Root): /Users/cristallagus/Desktop/GitHub/Offline_KI
2026-06-04 16:23:09,325 - [INFO] - Bestätigtes Hauptverzeichnis (Root): /Users/cristallagus/Desktop/GitHub/Offline_KI
2026-06-04 16:23:09,325 - [INFO] - Bestätigtes Hauptverzeichnis (Root): /Users/cristallagus/Desktop/GitHub/Offline_KI
2026-06-04 16:23:09,327 - [INFO] - [OK] globaler Begriff 'root' existiert bereits --> Pfad: /Users/cristallagus/Desktop/GitHub/Offline_KI
2026-06-04 16:23:09,327 - [INFO] - [OK] globaler Begriff 'root' existiert bereits --> Pfad: /Users/cristallagus/Desktop/GitHub/Offline_KI
2026-06-04 16:23:09,327 - [INFO] - [OK] globaler Begriff 'root' existiert bereits --> Pfad: /Users/cristallagus/Desktop/GitHub/Offline_KI
2026-06-04 16:23:09,327 - [INFO] - [OK] globaler Begriff 'root' existiert bereits --> Pfad: /Users/cristallagus/Desktop/GitHub/Offline_KI
2026-06-04 16:23:09,327 - [INFO] - [OK] globaler Begriff 'root' existiert bereits --> Pfad: /Users/cristallagus/Desktop/GitHub/Offline_KI
2026-06-04 16:23:09,330 - [INFO] - [OK] globaler Begriff 'config' existiert bereits --> Pfad: /Users/cristallagus/Desktop/GitHub/Offline_KI/config
2026-06-04 16:23:09,330 - [INFO] - [OK] globaler Begriff 'config' existiert bereits --> Pfad: /Users/cristallagus/Desktop/GitHub/Offline_KI/config
2026-06-04 16:23:09,330 - [INFO] - [OK] globaler Begriff 'config' existiert bereits --> Pfad: /Users/cristallagus/Desktop/GitHub/Offline_KI/config
2026-06-04 16:23:09,330 - [INFO] - [OK] globaler Begriff 'config' existiert bereits --> Pfad: /Users/cristallagus/Desktop/GitHub/Offline_KI/config
2026-06-04 16:23:09,330 - [INFO] - [OK] globaler Begriff 'config' existiert bereits --> Pfad: /Users/cristallagus/Desktop/GitHub/Offline_KI/config
2026-06-04 16:23:09,331 - [INFO] - [OK] globaler Begriff 'data' existiert bereits --> Pfad: /Users/cristallagus/Desktop/GitHub/Offline_KI/data
2026-06-04 16:23:09,331 - [INFO] - [OK] globaler Begriff 'data' existiert bereits --> Pfad: /Users/cristallagus/Desktop/GitHub/Offline_KI/data
2026-06-04 16:23:09,331 - [INFO] - [OK] globaler Begriff 'data' existiert bereits --> Pfad: /Users/cristallagus/Desktop/GitHub/Offline_KI/data
2026-06-04 16:23:09,331 - [INFO] - [OK] globaler Begriff 'data' existiert bereits --> Pfad: /Users/cristallagus/Desktop/GitHub/Offline_KI/data
2026-06-04 16:23:09,331 - [INFO] - [OK] globaler Begriff 'data' existiert bereits --> Pfad: /Users/cristallagus/Desktop/GitHub/Offline_KI/data
2026-06-04 16:23:09,335 - [INFO] - [OK] globaler Begriff 'docker' existiert bereits --> Pfad: /Users/cristallagus/Desktop/GitHub/Offline_KI/docker
2026-06-04 16:23:09,335 - [INFO] - [OK] globaler Begriff 'docker' existiert bereits --> Pfad: /Users/cristallagus/Desktop/GitHub/Offline_KI/docker
2026-06-04 16:23:09,335 - [INFO] - [OK] globaler Begriff 'docker' existiert bereits --> Pfad: /Users/cristallagus/Desktop/GitHub/Offline_KI/docker
2026-06-04 16:23:09,335 - [INFO] - [OK] globaler Begriff 'docker' existiert bereits --> Pfad: /Users/cristallagus/Desktop/GitHub/Offline_KI/docker
2026-06-04 16:23:09,335 - [INFO] - [OK] globaler Begriff 'docker' existiert bereits --> Pfad: /Users/cristallagus/Desktop/GitHub/Offline_KI/docker
2026-06-04 16:23:09,336 - [INFO] - [OK] globaler Begriff 'knowledge' existiert bereits --> Pfad: /Users/cristallagus/Desktop/GitHub/Offline_KI/knowledge
2026-06-04 16:23:09,336 - [INFO] - [OK] globaler Begriff 'knowledge' existiert bereits --> Pfad: /Users/cristallagus/Desktop/GitHub/Offline_KI/knowledge
2026-06-04 16:23:09,336 - [INFO] - [OK] globaler Begriff 'knowledge' existiert bereits --> Pfad: /Users/cristallagus/Desktop/GitHub/Offline_KI/knowledge
2026-06-04 16:23:09,336 - [INFO] - [OK] globaler Begriff 'knowledge' existiert bereits --> Pfad: /Users/cristallagus/Desktop/GitHub/Offline_KI/knowledge
2026-06-04 16:23:09,336 - [INFO] - [OK] globaler Begriff 'knowledge' existiert bereits --> Pfad: /Users/cristallagus/Desktop/GitHub/Offline_KI/knowledge
2026-06-04 16:23:09,339 - [INFO] - [OK] globaler Begriff 'logs' existiert bereits --> Pfad: /Users/cristallagus/Desktop/GitHub/Offline_KI/logs
2026-06-04 16:23:09,339 - [INFO] - [OK] globaler Begriff 'logs' existiert bereits --> Pfad: /Users/cristallagus/Desktop/GitHub/Offline_KI/logs
2026-06-04 16:23:09,339 - [INFO] - [OK] globaler Begriff 'logs' existiert bereits --> Pfad: /Users/cristallagus/Desktop/GitHub/Offline_KI/logs
2026-06-04 16:23:09,339 - [INFO] - [OK] globaler Begriff 'logs' existiert bereits --> Pfad: /Users/cristallagus/Desktop/GitHub/Offline_KI/logs
2026-06-04 16:23:09,339 - [INFO] - [OK] globaler Begriff 'logs' existiert bereits --> Pfad: /Users/cristallagus/Desktop/GitHub/Offline_KI/logs
2026-06-04 16:23:09,341 - [INFO] - [OK] globaler Begriff 'notebooks' existiert bereits --> Pfad: /Users/cristallagus/Desktop/GitHub/Offline_KI/notebooks
2026-06-04 16:23:09,341 - [INFO] - [OK] globaler Begriff 'notebooks' existiert bereits --> Pfad: /Users/cristallagus/Desktop/GitHub/Offline_KI/notebooks
2026-06-04 16:23:09,341 - [INFO] - [OK] globaler Begriff 'notebooks' existiert bereits --> Pfad: /Users/cristallagus/Desktop/GitHub/Offline_KI/notebooks
2026-06-04 16:23:09,341 - [INFO] - [OK] globaler Begriff 'notebooks' existiert bereits --> Pfad: /Users/cristallagus/Desktop/GitHub/Offline_KI/notebooks
2026-06-04 16:23:09,341 - [INFO] - [OK] globaler Begriff 'notebooks' existiert bereits --> Pfad: /Users/cristallagus/Desktop/GitHub/Offline_KI/notebooks
2026-06-04 16:23:09,345 - [INFO] - [OK] globaler Begriff 'privacy' existiert bereits --> Pfad: /Users/cristallagus/Desktop/GitHub/Offline_KI/privacy
2026-06-04 16:23:09,345 - [INFO] - [OK] globaler Begriff 'privacy' existiert bereits --> Pfad: /Users/cristallagus/Desktop/GitHub/Offline_KI/privacy
2026-06-04 16:23:09,345 - [INFO] - [OK] globaler Begriff 'privacy' existiert bereits --> Pfad: /Users/cristallagus/Desktop/GitHub/Offline_KI/privacy
2026-06-04 16:23:09,345 - [INFO] - [OK] globaler Begriff 'privacy' existiert bereits --> Pfad: /Users/cristallagus/Desktop/GitHub/Offline_KI/privacy
2026-06-04 16:23:09,345 - [INFO] - [OK] globaler Begriff 'privacy' existiert bereits --> Pfad: /Users/cristallagus/Desktop/GitHub/Offline_KI/privacy
2026-06-04 16:23:09,348 - [INFO] - [OK] globaler Begriff 'src' existiert bereits --> Pfad: /Users/cristallagus/Desktop/GitHub/Offline_KI/src
2026-06-04 16:23:09,348 - [INFO] - [OK] globaler Begriff 'src' existiert bereits --> Pfad: /Users/cristallagus/Desktop/GitHub/Offline_KI/src
2026-06-04 16:23:09,348 - [INFO] - [OK] globaler Begriff 'src' existiert bereits --> Pfad: /Users/cristallagus/Desktop/GitHub/Offline_KI/src
2026-06-04 16:23:09,348 - [INFO] - [OK] globaler Begriff 'src' existiert bereits --> Pfad: /Users/cristallagus/Desktop/GitHub/Offline_KI/src
2026-06-04 16:23:09,348 - [INFO] - [OK] globaler Begriff 'src' existiert bereits --> Pfad: /Users/cristallagus/Desktop/GitHub/Offline_KI/src
2026-06-04 16:23:09,350 - [INFO] - [OK] globaler Begriff 'temp' existiert bereits --> Pfad: /Users/cristallagus/Desktop/GitHub/Offline_KI/temp
2026-06-04 16:23:09,350 - [INFO] - [OK] globaler Begriff 'temp' existiert bereits --> Pfad: /Users/cristallagus/Desktop/GitHub/Offline_KI/temp
2026-06-04 16:23:09,350 - [INFO] - [OK] globaler Begriff 'temp' existiert bereits --> Pfad: /Users/cristallagus/Desktop/GitHub/Offline_KI/temp
2026-06-04 16:23:09,350 - [INFO] - [OK] globaler Begriff 'temp' existiert bereits --> Pfad: /Users/cristallagus/Desktop/GitHub/Offline_KI/temp
2026-06-04 16:23:09,350 - [INFO] - [OK] globaler Begriff 'temp' existiert bereits --> Pfad: /Users/cristallagus/Desktop/GitHub/Offline_KI/temp
2026-06-04 16:23:09,397 - [INFO] - Globale Pfad-Begriffe erfolgreich gesichert in: /Users/cristallagus/Desktop/GitHub/Offline_KI/config/project_paths.json
2026-06-04 16:23:09,397 - [INFO] - Globale Pfad-Begriffe erfolgreich gesichert in: /Users/cristallagus/Desktop/GitHub/Offline_KI/config/project_paths.json
2026-06-04 16:23:09,397 - [INFO] - Globale Pfad-Begriffe erfolgreich gesichert in: /Users/cristallagus/Desktop/GitHub/Offline_KI/config/project_paths.json
2026-06-04 16:23:09,397 - [INFO] - Globale Pfad-Begriffe erfolgreich gesichert in: /Users/cristallagus/Desktop/GitHub/Offline_KI/config/project_paths.json
2026-06-04 16:23:09,397 - [INFO] - Globale Pfad-Begriffe erfolgreich gesichert in: /Users/cristallagus/Desktop/GitHub/Offline_KI/config/project_paths.json
2026-06-04 16:23:09,400 - [INFO] - --- Projekt-Initialisierung erfolgreich beendet ---

2026-06-04 16:23:09,400 - [INFO] - --- Projekt-Initialisierung erfolgreich beendet ---

2026-06-04 16:23:09,400 - [INFO] - --- Projekt-Initialisierung erfolgreich beendet ---

2026-06-04 16:23:09,400 - [INFO] - --- Projekt-Initialisierung erfolgreich beendet ---

2026-06-04 16:23:09,400 - [INFO] - --- Projekt-Initialisierung erfolgreich beendet ---

2026-06-04 16:23:09,736 - [INFO] - --- Projekt-Initialisierung gestartet ---
2026-06-04 16:23:09,736 - [INFO] - --- Projekt-Initialisierung gestartet ---
2026-06-04 16:23:09,736 - [INFO] - --- Projekt-Initialisierung gestartet ---
2026-06-04 16:23:09,736 - [INFO] - --- Projekt-Initialisierung gestartet ---
2026-06-04 16:23:09,736 - [INFO] - --- Projekt-Initialisierung gestartet ---
2026-06-04 16:23:09,736 - [INFO] - --- Projekt-Initialisierung gestartet ---
2026-06-04 16:23:09,738 - [INFO] - Bestätigtes Hauptverzeichnis (Root): /Users/cristallagus/Desktop/GitHub/Offline_KI
2026-06-04 16:23:09,738 - [INFO] - Bestätigtes Hauptverzeichnis (Root): /Users/cristallagus/Desktop/GitHub/Offline_KI
2026-06-04 16:23:09,738 - [INFO] - Bestätigtes Hauptverzeichnis (Root): /Users/cristallagus/Desktop/GitHub/Offline_KI
2026-06-04 16:23:09,738 - [INFO] - Bestätigtes Hauptverzeichnis (Root): /Users/cristallagus/Desktop/GitHub/Offline_KI
2026-06-04 16:23:09,738 - [INFO] - Bestätigtes Hauptverzeichnis (Root): /Users/cristallagus/Desktop/GitHub/Offline_KI
2026-06-04 16:23:09,738 - [INFO] - Bestätigtes Hauptverzeichnis (Root): /Users/cristallagus/Desktop/GitHub/Offline_KI
2026-06-04 16:23:09,741 - [INFO] - [OK] globaler Begriff 'root' existiert bereits --> Pfad: /Users/cristallagus/Desktop/GitHub/Offline_KI
2026-06-04 16:23:09,741 - [INFO] - [OK] globaler Begriff 'root' existiert bereits --> Pfad: /Users/cristallagus/Desktop/GitHub/Offline_KI
2026-06-04 16:23:09,741 - [INFO] - [OK] globaler Begriff 'root' existiert bereits --> Pfad: /Users/cristallagus/Desktop/GitHub/Offline_KI
2026-06-04 16:23:09,741 - [INFO] - [OK] globaler Begriff 'root' existiert bereits --> Pfad: /Users/cristallagus/Desktop/GitHub/Offline_KI
2026-06-04 16:23:09,741 - [INFO] - [OK] globaler Begriff 'root' existiert bereits --> Pfad: /Users/cristallagus/Desktop/GitHub/Offline_KI
2026-06-04 16:23:09,741 - [INFO] - [OK] globaler Begriff 'root' existiert bereits --> Pfad: /Users/cristallagus/Desktop/GitHub/Offline_KI
2026-06-04 16:23:09,744 - [INFO] - [OK] globaler Begriff 'config' existiert bereits --> Pfad: /Users/cristallagus/Desktop/GitHub/Offline_KI/config
2026-06-04 16:23:09,744 - [INFO] - [OK] globaler Begriff 'config' existiert bereits --> Pfad: /Users/cristallagus/Desktop/GitHub/Offline_KI/config
2026-06-04 16:23:09,744 - [INFO] - [OK] globaler Begriff 'config' existiert bereits --> Pfad: /Users/cristallagus/Desktop/GitHub/Offline_KI/config
2026-06-04 16:23:09,744 - [INFO] - [OK] globaler Begriff 'config' existiert bereits --> Pfad: /Users/cristallagus/Desktop/GitHub/Offline_KI/config
2026-06-04 16:23:09,744 - [INFO] - [OK] globaler Begriff 'config' existiert bereits --> Pfad: /Users/cristallagus/Desktop/GitHub/Offline_KI/config
2026-06-04 16:23:09,744 - [INFO] - [OK] globaler Begriff 'config' existiert bereits --> Pfad: /Users/cristallagus/Desktop/GitHub/Offline_KI/config
2026-06-04 16:23:09,746 - [INFO] - [OK] globaler Begriff 'data' existiert bereits --> Pfad: /Users/cristallagus/Desktop/GitHub/Offline_KI/data
2026-06-04 16:23:09,746 - [INFO] - [OK] globaler Begriff 'data' existiert bereits --> Pfad: /Users/cristallagus/Desktop/GitHub/Offline_KI/data
2026-06-04 16:23:09,746 - [INFO] - [OK] globaler Begriff 'data' existiert bereits --> Pfad: /Users/cristallagus/Desktop/GitHub/Offline_KI/data
2026-06-04 16:23:09,746 - [INFO] - [OK] globaler Begriff 'data' existiert bereits --> Pfad: /Users/cristallagus/Desktop/GitHub/Offline_KI/data
2026-06-04 16:23:09,746 - [INFO] - [OK] globaler Begriff 'data' existiert bereits --> Pfad: /Users/cristallagus/Desktop/GitHub/Offline_KI/data
2026-06-04 16:23:09,746 - [INFO] - [OK] globaler Begriff 'data' existiert bereits --> Pfad: /Users/cristallagus/Desktop/GitHub/Offline_KI/data
2026-06-04 16:23:09,749 - [INFO] - [OK] globaler Begriff 'docker' existiert bereits --> Pfad: /Users/cristallagus/Desktop/GitHub/Offline_KI/docker
2026-06-04 16:23:09,749 - [INFO] - [OK] globaler Begriff 'docker' existiert bereits --> Pfad: /Users/cristallagus/Desktop/GitHub/Offline_KI/docker
2026-06-04 16:23:09,749 - [INFO] - [OK] globaler Begriff 'docker' existiert bereits --> Pfad: /Users/cristallagus/Desktop/GitHub/Offline_KI/docker
2026-06-04 16:23:09,749 - [INFO] - [OK] globaler Begriff 'docker' existiert bereits --> Pfad: /Users/cristallagus/Desktop/GitHub/Offline_KI/docker
2026-06-04 16:23:09,749 - [INFO] - [OK] globaler Begriff 'docker' existiert bereits --> Pfad: /Users/cristallagus/Desktop/GitHub/Offline_KI/docker
2026-06-04 16:23:09,749 - [INFO] - [OK] globaler Begriff 'docker' existiert bereits --> Pfad: /Users/cristallagus/Desktop/GitHub/Offline_KI/docker
2026-06-04 16:23:09,756 - [INFO] - [OK] globaler Begriff 'knowledge' existiert bereits --> Pfad: /Users/cristallagus/Desktop/GitHub/Offline_KI/knowledge
2026-06-04 16:23:09,756 - [INFO] - [OK] globaler Begriff 'knowledge' existiert bereits --> Pfad: /Users/cristallagus/Desktop/GitHub/Offline_KI/knowledge
2026-06-04 16:23:09,756 - [INFO] - [OK] globaler Begriff 'knowledge' existiert bereits --> Pfad: /Users/cristallagus/Desktop/GitHub/Offline_KI/knowledge
2026-06-04 16:23:09,756 - [INFO] - [OK] globaler Begriff 'knowledge' existiert bereits --> Pfad: /Users/cristallagus/Desktop/GitHub/Offline_KI/knowledge
2026-06-04 16:23:09,756 - [INFO] - [OK] globaler Begriff 'knowledge' existiert bereits --> Pfad: /Users/cristallagus/Desktop/GitHub/Offline_KI/knowledge
2026-06-04 16:23:09,756 - [INFO] - [OK] globaler Begriff 'knowledge' existiert bereits --> Pfad: /Users/cristallagus/Desktop/GitHub/Offline_KI/knowledge
2026-06-04 16:23:09,757 - [INFO] - [OK] globaler Begriff 'logs' existiert bereits --> Pfad: /Users/cristallagus/Desktop/GitHub/Offline_KI/logs
2026-06-04 16:23:09,757 - [INFO] - [OK] globaler Begriff 'logs' existiert bereits --> Pfad: /Users/cristallagus/Desktop/GitHub/Offline_KI/logs
2026-06-04 16:23:09,757 - [INFO] - [OK] globaler Begriff 'logs' existiert bereits --> Pfad: /Users/cristallagus/Desktop/GitHub/Offline_KI/logs
2026-06-04 16:23:09,757 - [INFO] - [OK] globaler Begriff 'logs' existiert bereits --> Pfad: /Users/cristallagus/Desktop/GitHub/Offline_KI/logs
2026-06-04 16:23:09,757 - [INFO] - [OK] globaler Begriff 'logs' existiert bereits --> Pfad: /Users/cristallagus/Desktop/GitHub/Offline_KI/logs
2026-06-04 16:23:09,757 - [INFO] - [OK] globaler Begriff 'logs' existiert bereits --> Pfad: /Users/cristallagus/Desktop/GitHub/Offline_KI/logs
2026-06-04 16:23:09,761 - [INFO] - [OK] globaler Begriff 'notebooks' existiert bereits --> Pfad: /Users/cristallagus/Desktop/GitHub/Offline_KI/notebooks
2026-06-04 16:23:09,761 - [INFO] - [OK] globaler Begriff 'notebooks' existiert bereits --> Pfad: /Users/cristallagus/Desktop/GitHub/Offline_KI/notebooks
2026-06-04 16:23:09,761 - [INFO] - [OK] globaler Begriff 'notebooks' existiert bereits --> Pfad: /Users/cristallagus/Desktop/GitHub/Offline_KI/notebooks
2026-06-04 16:23:09,761 - [INFO] - [OK] globaler Begriff 'notebooks' existiert bereits --> Pfad: /Users/cristallagus/Desktop/GitHub/Offline_KI/notebooks
2026-06-04 16:23:09,761 - [INFO] - [OK] globaler Begriff 'notebooks' existiert bereits --> Pfad: /Users/cristallagus/Desktop/GitHub/Offline_KI/notebooks
2026-06-04 16:23:09,761 - [INFO] - [OK] globaler Begriff 'notebooks' existiert bereits --> Pfad: /Users/cristallagus/Desktop/GitHub/Offline_KI/notebooks
2026-06-04 16:23:09,763 - [INFO] - [OK] globaler Begriff 'privacy' existiert bereits --> Pfad: /Users/cristallagus/Desktop/GitHub/Offline_KI/privacy
2026-06-04 16:23:09,763 - [INFO] - [OK] globaler Begriff 'privacy' existiert bereits --> Pfad: /Users/cristallagus/Desktop/GitHub/Offline_KI/privacy
2026-06-04 16:23:09,763 - [INFO] - [OK] globaler Begriff 'privacy' existiert bereits --> Pfad: /Users/cristallagus/Desktop/GitHub/Offline_KI/privacy
2026-06-04 16:23:09,763 - [INFO] - [OK] globaler Begriff 'privacy' existiert bereits --> Pfad: /Users/cristallagus/Desktop/GitHub/Offline_KI/privacy
2026-06-04 16:23:09,763 - [INFO] - [OK] globaler Begriff 'privacy' existiert bereits --> Pfad: /Users/cristallagus/Desktop/GitHub/Offline_KI/privacy
2026-06-04 16:23:09,763 - [INFO] - [OK] globaler Begriff 'privacy' existiert bereits --> Pfad: /Users/cristallagus/Desktop/GitHub/Offline_KI/privacy
2026-06-04 16:23:09,767 - [INFO] - [OK] globaler Begriff 'src' existiert bereits --> Pfad: /Users/cristallagus/Desktop/GitHub/Offline_KI/src
2026-06-04 16:23:09,767 - [INFO] - [OK] globaler Begriff 'src' existiert bereits --> Pfad: /Users/cristallagus/Desktop/GitHub/Offline_KI/src
2026-06-04 16:23:09,767 - [INFO] - [OK] globaler Begriff 'src' existiert bereits --> Pfad: /Users/cristallagus/Desktop/GitHub/Offline_KI/src
2026-06-04 16:23:09,767 - [INFO] - [OK] globaler Begriff 'src' existiert bereits --> Pfad: /Users/cristallagus/Desktop/GitHub/Offline_KI/src
2026-06-04 16:23:09,767 - [INFO] - [OK] globaler Begriff 'src' existiert bereits --> Pfad: /Users/cristallagus/Desktop/GitHub/Offline_KI/src
2026-06-04 16:23:09,767 - [INFO] - [OK] globaler Begriff 'src' existiert bereits --> Pfad: /Users/cristallagus/Desktop/GitHub/Offline_KI/src
2026-06-04 16:23:09,770 - [INFO] - [OK] globaler Begriff 'temp' existiert bereits --> Pfad: /Users/cristallagus/Desktop/GitHub/Offline_KI/temp
2026-06-04 16:23:09,770 - [INFO] - [OK] globaler Begriff 'temp' existiert bereits --> Pfad: /Users/cristallagus/Desktop/GitHub/Offline_KI/temp
2026-06-04 16:23:09,770 - [INFO] - [OK] globaler Begriff 'temp' existiert bereits --> Pfad: /Users/cristallagus/Desktop/GitHub/Offline_KI/temp
2026-06-04 16:23:09,770 - [INFO] - [OK] globaler Begriff 'temp' existiert bereits --> Pfad: /Users/cristallagus/Desktop/GitHub/Offline_KI/temp
2026-06-04 16:23:09,770 - [INFO] - [OK] globaler Begriff 'temp' existiert bereits --> Pfad: /Users/cristallagus/Desktop/GitHub/Offline_KI/temp
2026-06-04 16:23:09,770 - [INFO] - [OK] globaler Begriff 'temp' existiert bereits --> Pfad: /Users/cristallagus/Desktop/GitHub/Offline_KI/temp
2026-06-04 16:23:09,774 - [INFO] - Globale Pfad-Begriffe erfolgreich gesichert in: /Users/cristallagus/Desktop/GitHub/Offline_KI/config/project_paths.json
2026-06-04 16:23:09,774 - [INFO] - Globale Pfad-Begriffe erfolgreich gesichert in: /Users/cristallagus/Desktop/GitHub/Offline_KI/config/project_paths.json
2026-06-04 16:23:09,774 - [INFO] - Globale Pfad-Begriffe erfolgreich gesichert in: /Users/cristallagus/Desktop/GitHub/Offline_KI/config/project_paths.json
2026-06-04 16:23:09,774 - [INFO] - Globale Pfad-Begriffe erfolgreich gesichert in: /Users/cristallagus/Desktop/GitHub/Offline_KI/config/project_paths.json
2026-06-04 16:23:09,774 - [INFO] - Globale Pfad-Begriffe erfolgreich gesichert in: /Users/cristallagus/Desktop/GitHub/Offline_KI/config/project_paths.json
2026-06-04 16:23:09,774 - [INFO] - Globale Pfad-Begriffe erfolgreich gesichert in: /Users/cristallagus/Desktop/GitHub/Offline_KI/config/project_paths.json
2026-06-04 16:23:09,776 - [INFO] - --- Projekt-Initialisierung erfolgreich beendet ---

2026-06-04 16:23:09,776 - [INFO] - --- Projekt-Initialisierung erfolgreich beendet ---

2026-06-04 16:23:09,776 - [INFO] - --- Projekt-Initialisierung erfolgreich beendet ---

2026-06-04 16:23:09,776 - [INFO] - --- Projekt-Initialisierung erfolgreich beendet ---

2026-06-04 16:23:09,776 - [INFO] - --- Projekt-Initialisierung erfolgreich beendet ---

2026-06-04 16:23:09,776 - [INFO] - --- Projekt-Initialisierung erfolgreich beendet ---

2026-06-04 16:23:10,291 - [INFO] - --- Projekt-Initialisierung gestartet ---
2026-06-04 16:23:10,291 - [INFO] - --- Projekt-Initialisierung gestartet ---
2026-06-04 16:23:10,291 - [INFO] - --- Projekt-Initialisierung gestartet ---
2026-06-04 16:23:10,291 - [INFO] - --- Projekt-Initialisierung gestartet ---
2026-06-04 16:23:10,291 - [INFO] - --- Projekt-Initialisierung gestartet ---
2026-06-04 16:23:10,291 - [INFO] - --- Projekt-Initialisierung gestartet ---
2026-06-04 16:23:10,291 - [INFO] - --- Projekt-Initialisierung gestartet ---
2026-06-04 16:23:10,295 - [INFO] - Bestätigtes Hauptverzeichnis (Root): /Users/cristallagus/Desktop/GitHub/Offline_KI
2026-06-04 16:23:10,295 - [INFO] - Bestätigtes Hauptverzeichnis (Root): /Users/cristallagus/Desktop/GitHub/Offline_KI
2026-06-04 16:23:10,295 - [INFO] - Bestätigtes Hauptverzeichnis (Root): /Users/cristallagus/Desktop/GitHub/Offline_KI
2026-06-04 16:23:10,295 - [INFO] - Bestätigtes Hauptverzeichnis (Root): /Users/cristallagus/Desktop/GitHub/Offline_KI
2026-06-04 16:23:10,295 - [INFO] - Bestätigtes Hauptverzeichnis (Root): /Users/cristallagus/Desktop/GitHub/Offline_KI
2026-06-04 16:23:10,295 - [INFO] - Bestätigtes Hauptverzeichnis (Root): /Users/cristallagus/Desktop/GitHub/Offline_KI
2026-06-04 16:23:10,295 - [INFO] - Bestätigtes Hauptverzeichnis (Root): /Users/cristallagus/Desktop/GitHub/Offline_KI
2026-06-04 16:23:10,298 - [INFO] - [OK] globaler Begriff 'root' existiert bereits --> Pfad: /Users/cristallagus/Desktop/GitHub/Offline_KI
2026-06-04 16:23:10,298 - [INFO] - [OK] globaler Begriff 'root' existiert bereits --> Pfad: /Users/cristallagus/Desktop/GitHub/Offline_KI
2026-06-04 16:23:10,298 - [INFO] - [OK] globaler Begriff 'root' existiert bereits --> Pfad: /Users/cristallagus/Desktop/GitHub/Offline_KI
2026-06-04 16:23:10,298 - [INFO] - [OK] globaler Begriff 'root' existiert bereits --> Pfad: /Users/cristallagus/Desktop/GitHub/Offline_KI
2026-06-04 16:23:10,298 - [INFO] - [OK] globaler Begriff 'root' existiert bereits --> Pfad: /Users/cristallagus/Desktop/GitHub/Offline_KI
2026-06-04 16:23:10,298 - [INFO] - [OK] globaler Begriff 'root' existiert bereits --> Pfad: /Users/cristallagus/Desktop/GitHub/Offline_KI
2026-06-04 16:23:10,298 - [INFO] - [OK] globaler Begriff 'root' existiert bereits --> Pfad: /Users/cristallagus/Desktop/GitHub/Offline_KI
2026-06-04 16:23:10,302 - [INFO] - [OK] globaler Begriff 'config' existiert bereits --> Pfad: /Users/cristallagus/Desktop/GitHub/Offline_KI/config
2026-06-04 16:23:10,302 - [INFO] - [OK] globaler Begriff 'config' existiert bereits --> Pfad: /Users/cristallagus/Desktop/GitHub/Offline_KI/config
2026-06-04 16:23:10,302 - [INFO] - [OK] globaler Begriff 'config' existiert bereits --> Pfad: /Users/cristallagus/Desktop/GitHub/Offline_KI/config
2026-06-04 16:23:10,302 - [INFO] - [OK] globaler Begriff 'config' existiert bereits --> Pfad: /Users/cristallagus/Desktop/GitHub/Offline_KI/config
2026-06-04 16:23:10,302 - [INFO] - [OK] globaler Begriff 'config' existiert bereits --> Pfad: /Users/cristallagus/Desktop/GitHub/Offline_KI/config
2026-06-04 16:23:10,302 - [INFO] - [OK] globaler Begriff 'config' existiert bereits --> Pfad: /Users/cristallagus/Desktop/GitHub/Offline_KI/config
2026-06-04 16:23:10,302 - [INFO] - [OK] globaler Begriff 'config' existiert bereits --> Pfad: /Users/cristallagus/Desktop/GitHub/Offline_KI/config
2026-06-04 16:23:10,307 - [INFO] - [OK] globaler Begriff 'data' existiert bereits --> Pfad: /Users/cristallagus/Desktop/GitHub/Offline_KI/data
2026-06-04 16:23:10,307 - [INFO] - [OK] globaler Begriff 'data' existiert bereits --> Pfad: /Users/cristallagus/Desktop/GitHub/Offline_KI/data
2026-06-04 16:23:10,307 - [INFO] - [OK] globaler Begriff 'data' existiert bereits --> Pfad: /Users/cristallagus/Desktop/GitHub/Offline_KI/data
2026-06-04 16:23:10,307 - [INFO] - [OK] globaler Begriff 'data' existiert bereits --> Pfad: /Users/cristallagus/Desktop/GitHub/Offline_KI/data
2026-06-04 16:23:10,307 - [INFO] - [OK] globaler Begriff 'data' existiert bereits --> Pfad: /Users/cristallagus/Desktop/GitHub/Offline_KI/data
2026-06-04 16:23:10,307 - [INFO] - [OK] globaler Begriff 'data' existiert bereits --> Pfad: /Users/cristallagus/Desktop/GitHub/Offline_KI/data
2026-06-04 16:23:10,307 - [INFO] - [OK] globaler Begriff 'data' existiert bereits --> Pfad: /Users/cristallagus/Desktop/GitHub/Offline_KI/data
2026-06-04 16:23:10,310 - [INFO] - [OK] globaler Begriff 'docker' existiert bereits --> Pfad: /Users/cristallagus/Desktop/GitHub/Offline_KI/docker
2026-06-04 16:23:10,310 - [INFO] - [OK] globaler Begriff 'docker' existiert bereits --> Pfad: /Users/cristallagus/Desktop/GitHub/Offline_KI/docker
2026-06-04 16:23:10,310 - [INFO] - [OK] globaler Begriff 'docker' existiert bereits --> Pfad: /Users/cristallagus/Desktop/GitHub/Offline_KI/docker
2026-06-04 16:23:10,310 - [INFO] - [OK] globaler Begriff 'docker' existiert bereits --> Pfad: /Users/cristallagus/Desktop/GitHub/Offline_KI/docker
2026-06-04 16:23:10,310 - [INFO] - [OK] globaler Begriff 'docker' existiert bereits --> Pfad: /Users/cristallagus/Desktop/GitHub/Offline_KI/docker
2026-06-04 16:23:10,310 - [INFO] - [OK] globaler Begriff 'docker' existiert bereits --> Pfad: /Users/cristallagus/Desktop/GitHub/Offline_KI/docker
2026-06-04 16:23:10,310 - [INFO] - [OK] globaler Begriff 'docker' existiert bereits --> Pfad: /Users/cristallagus/Desktop/GitHub/Offline_KI/docker
2026-06-04 16:23:10,312 - [INFO] - [OK] globaler Begriff 'knowledge' existiert bereits --> Pfad: /Users/cristallagus/Desktop/GitHub/Offline_KI/knowledge
2026-06-04 16:23:10,312 - [INFO] - [OK] globaler Begriff 'knowledge' existiert bereits --> Pfad: /Users/cristallagus/Desktop/GitHub/Offline_KI/knowledge
2026-06-04 16:23:10,312 - [INFO] - [OK] globaler Begriff 'knowledge' existiert bereits --> Pfad: /Users/cristallagus/Desktop/GitHub/Offline_KI/knowledge
2026-06-04 16:23:10,312 - [INFO] - [OK] globaler Begriff 'knowledge' existiert bereits --> Pfad: /Users/cristallagus/Desktop/GitHub/Offline_KI/knowledge
2026-06-04 16:23:10,312 - [INFO] - [OK] globaler Begriff 'knowledge' existiert bereits --> Pfad: /Users/cristallagus/Desktop/GitHub/Offline_KI/knowledge
2026-06-04 16:23:10,312 - [INFO] - [OK] globaler Begriff 'knowledge' existiert bereits --> Pfad: /Users/cristallagus/Desktop/GitHub/Offline_KI/knowledge
2026-06-04 16:23:10,312 - [INFO] - [OK] globaler Begriff 'knowledge' existiert bereits --> Pfad: /Users/cristallagus/Desktop/GitHub/Offline_KI/knowledge
2026-06-04 16:23:10,316 - [INFO] - [OK] globaler Begriff 'logs' existiert bereits --> Pfad: /Users/cristallagus/Desktop/GitHub/Offline_KI/logs
2026-06-04 16:23:10,316 - [INFO] - [OK] globaler Begriff 'logs' existiert bereits --> Pfad: /Users/cristallagus/Desktop/GitHub/Offline_KI/logs
2026-06-04 16:23:10,316 - [INFO] - [OK] globaler Begriff 'logs' existiert bereits --> Pfad: /Users/cristallagus/Desktop/GitHub/Offline_KI/logs
2026-06-04 16:23:10,316 - [INFO] - [OK] globaler Begriff 'logs' existiert bereits --> Pfad: /Users/cristallagus/Desktop/GitHub/Offline_KI/logs
2026-06-04 16:23:10,316 - [INFO] - [OK] globaler Begriff 'logs' existiert bereits --> Pfad: /Users/cristallagus/Desktop/GitHub/Offline_KI/logs
2026-06-04 16:23:10,316 - [INFO] - [OK] globaler Begriff 'logs' existiert bereits --> Pfad: /Users/cristallagus/Desktop/GitHub/Offline_KI/logs
2026-06-04 16:23:10,316 - [INFO] - [OK] globaler Begriff 'logs' existiert bereits --> Pfad: /Users/cristallagus/Desktop/GitHub/Offline_KI/logs
2026-06-04 16:23:10,320 - [INFO] - [OK] globaler Begriff 'notebooks' existiert bereits --> Pfad: /Users/cristallagus/Desktop/GitHub/Offline_KI/notebooks
2026-06-04 16:23:10,320 - [INFO] - [OK] globaler Begriff 'notebooks' existiert bereits --> Pfad: /Users/cristallagus/Desktop/GitHub/Offline_KI/notebooks
2026-06-04 16:23:10,320 - [INFO] - [OK] globaler Begriff 'notebooks' existiert bereits --> Pfad: /Users/cristallagus/Desktop/GitHub/Offline_KI/notebooks
2026-06-04 16:23:10,320 - [INFO] - [OK] globaler Begriff 'notebooks' existiert bereits --> Pfad: /Users/cristallagus/Desktop/GitHub/Offline_KI/notebooks
2026-06-04 16:23:10,320 - [INFO] - [OK] globaler Begriff 'notebooks' existiert bereits --> Pfad: /Users/cristallagus/Desktop/GitHub/Offline_KI/notebooks
2026-06-04 16:23:10,320 - [INFO] - [OK] globaler Begriff 'notebooks' existiert bereits --> Pfad: /Users/cristallagus/Desktop/GitHub/Offline_KI/notebooks
2026-06-04 16:23:10,320 - [INFO] - [OK] globaler Begriff 'notebooks' existiert bereits --> Pfad: /Users/cristallagus/Desktop/GitHub/Offline_KI/notebooks
2026-06-04 16:23:10,349 - [INFO] - [OK] globaler Begriff 'privacy' existiert bereits --> Pfad: /Users/cristallagus/Desktop/GitHub/Offline_KI/privacy
2026-06-04 16:23:10,349 - [INFO] - [OK] globaler Begriff 'privacy' existiert bereits --> Pfad: /Users/cristallagus/Desktop/GitHub/Offline_KI/privacy
2026-06-04 16:23:10,349 - [INFO] - [OK] globaler Begriff 'privacy' existiert bereits --> Pfad: /Users/cristallagus/Desktop/GitHub/Offline_KI/privacy
2026-06-04 16:23:10,349 - [INFO] - [OK] globaler Begriff 'privacy' existiert bereits --> Pfad: /Users/cristallagus/Desktop/GitHub/Offline_KI/privacy
2026-06-04 16:23:10,349 - [INFO] - [OK] globaler Begriff 'privacy' existiert bereits --> Pfad: /Users/cristallagus/Desktop/GitHub/Offline_KI/privacy
2026-06-04 16:23:10,349 - [INFO] - [OK] globaler Begriff 'privacy' existiert bereits --> Pfad: /Users/cristallagus/Desktop/GitHub/Offline_KI/privacy
2026-06-04 16:23:10,349 - [INFO] - [OK] globaler Begriff 'privacy' existiert bereits --> Pfad: /Users/cristallagus/Desktop/GitHub/Offline_KI/privacy
2026-06-04 16:23:10,364 - [INFO] - [OK] globaler Begriff 'src' existiert bereits --> Pfad: /Users/cristallagus/Desktop/GitHub/Offline_KI/src
2026-06-04 16:23:10,364 - [INFO] - [OK] globaler Begriff 'src' existiert bereits --> Pfad: /Users/cristallagus/Desktop/GitHub/Offline_KI/src
2026-06-04 16:23:10,364 - [INFO] - [OK] globaler Begriff 'src' existiert bereits --> Pfad: /Users/cristallagus/Desktop/GitHub/Offline_KI/src
2026-06-04 16:23:10,364 - [INFO] - [OK] globaler Begriff 'src' existiert bereits --> Pfad: /Users/cristallagus/Desktop/GitHub/Offline_KI/src
2026-06-04 16:23:10,364 - [INFO] - [OK] globaler Begriff 'src' existiert bereits --> Pfad: /Users/cristallagus/Desktop/GitHub/Offline_KI/src
2026-06-04 16:23:10,364 - [INFO] - [OK] globaler Begriff 'src' existiert bereits --> Pfad: /Users/cristallagus/Desktop/GitHub/Offline_KI/src
2026-06-04 16:23:10,364 - [INFO] - [OK] globaler Begriff 'src' existiert bereits --> Pfad: /Users/cristallagus/Desktop/GitHub/Offline_KI/src
2026-06-04 16:23:10,368 - [INFO] - [OK] globaler Begriff 'temp' existiert bereits --> Pfad: /Users/cristallagus/Desktop/GitHub/Offline_KI/temp
2026-06-04 16:23:10,368 - [INFO] - [OK] globaler Begriff 'temp' existiert bereits --> Pfad: /Users/cristallagus/Desktop/GitHub/Offline_KI/temp
2026-06-04 16:23:10,368 - [INFO] - [OK] globaler Begriff 'temp' existiert bereits --> Pfad: /Users/cristallagus/Desktop/GitHub/Offline_KI/temp
2026-06-04 16:23:10,368 - [INFO] - [OK] globaler Begriff 'temp' existiert bereits --> Pfad: /Users/cristallagus/Desktop/GitHub/Offline_KI/temp
2026-06-04 16:23:10,368 - [INFO] - [OK] globaler Begriff 'temp' existiert bereits --> Pfad: /Users/cristallagus/Desktop/GitHub/Offline_KI/temp
2026-06-04 16:23:10,368 - [INFO] - [OK] globaler Begriff 'temp' existiert bereits --> Pfad: /Users/cristallagus/Desktop/GitHub/Offline_KI/temp
2026-06-04 16:23:10,368 - [INFO] - [OK] globaler Begriff 'temp' existiert bereits --> Pfad: /Users/cristallagus/Desktop/GitHub/Offline_KI/temp
2026-06-04 16:23:10,371 - [INFO] - Globale Pfad-Begriffe erfolgreich gesichert in: /Users/cristallagus/Desktop/GitHub/Offline_KI/config/project_paths.json
2026-06-04 16:23:10,371 - [INFO] - Globale Pfad-Begriffe erfolgreich gesichert in: /Users/cristallagus/Desktop/GitHub/Offline_KI/config/project_paths.json
2026-06-04 16:23:10,371 - [INFO] - Globale Pfad-Begriffe erfolgreich gesichert in: /Users/cristallagus/Desktop/GitHub/Offline_KI/config/project_paths.json
2026-06-04 16:23:10,371 - [INFO] - Globale Pfad-Begriffe erfolgreich gesichert in: /Users/cristallagus/Desktop/GitHub/Offline_KI/config/project_paths.json
2026-06-04 16:23:10,371 - [INFO] - Globale Pfad-Begriffe erfolgreich gesichert in: /Users/cristallagus/Desktop/GitHub/Offline_KI/config/project_paths.json
2026-06-04 16:23:10,371 - [INFO] - Globale Pfad-Begriffe erfolgreich gesichert in: /Users/cristallagus/Desktop/GitHub/Offline_KI/config/project_paths.json
2026-06-04 16:23:10,371 - [INFO] - Globale Pfad-Begriffe erfolgreich gesichert in: /Users/cristallagus/Desktop/GitHub/Offline_KI/config/project_paths.json
2026-06-04 16:23:10,373 - [INFO] - --- Projekt-Initialisierung erfolgreich beendet ---

2026-06-04 16:23:10,373 - [INFO] - --- Projekt-Initialisierung erfolgreich beendet ---

2026-06-04 16:23:10,373 - [INFO] - --- Projekt-Initialisierung erfolgreich beendet ---

2026-06-04 16:23:10,373 - [INFO] - --- Projekt-Initialisierung erfolgreich beendet ---

2026-06-04 16:23:10,373 - [INFO] - --- Projekt-Initialisierung erfolgreich beendet ---

2026-06-04 16:23:10,373 - [INFO] - --- Projekt-Initialisierung erfolgreich beendet ---

2026-06-04 16:23:10,373 - [INFO] - --- Projekt-Initialisierung erfolgreich beendet ---

2026-06-04 16:23:10,670 - [INFO] - --- Projekt-Initialisierung gestartet ---
2026-06-04 16:23:10,670 - [INFO] - --- Projekt-Initialisierung gestartet ---
2026-06-04 16:23:10,670 - [INFO] - --- Projekt-Initialisierung gestartet ---
2026-06-04 16:23:10,670 - [INFO] - --- Projekt-Initialisierung gestartet ---
2026-06-04 16:23:10,670 - [INFO] - --- Projekt-Initialisierung gestartet ---
2026-06-04 16:23:10,670 - [INFO] - --- Projekt-Initialisierung gestartet ---
2026-06-04 16:23:10,670 - [INFO] - --- Projekt-Initialisierung gestartet ---
2026-06-04 16:23:10,670 - [INFO] - --- Projekt-Initialisierung gestartet ---
2026-06-04 16:23:10,673 - [INFO] - Bestätigtes Hauptverzeichnis (Root): /Users/cristallagus/Desktop/GitHub/Offline_KI
2026-06-04 16:23:10,673 - [INFO] - Bestätigtes Hauptverzeichnis (Root): /Users/cristallagus/Desktop/GitHub/Offline_KI
2026-06-04 16:23:10,673 - [INFO] - Bestätigtes Hauptverzeichnis (Root): /Users/cristallagus/Desktop/GitHub/Offline_KI
2026-06-04 16:23:10,673 - [INFO] - Bestätigtes Hauptverzeichnis (Root): /Users/cristallagus/Desktop/GitHub/Offline_KI
2026-06-04 16:23:10,673 - [INFO] - Bestätigtes Hauptverzeichnis (Root): /Users/cristallagus/Desktop/GitHub/Offline_KI
2026-06-04 16:23:10,673 - [INFO] - Bestätigtes Hauptverzeichnis (Root): /Users/cristallagus/Desktop/GitHub/Offline_KI
2026-06-04 16:23:10,673 - [INFO] - Bestätigtes Hauptverzeichnis (Root): /Users/cristallagus/Desktop/GitHub/Offline_KI
2026-06-04 16:23:10,673 - [INFO] - Bestätigtes Hauptverzeichnis (Root): /Users/cristallagus/Desktop/GitHub/Offline_KI
2026-06-04 16:23:10,676 - [INFO] - [OK] globaler Begriff 'root' existiert bereits --> Pfad: /Users/cristallagus/Desktop/GitHub/Offline_KI
2026-06-04 16:23:10,676 - [INFO] - [OK] globaler Begriff 'root' existiert bereits --> Pfad: /Users/cristallagus/Desktop/GitHub/Offline_KI
2026-06-04 16:23:10,676 - [INFO] - [OK] globaler Begriff 'root' existiert bereits --> Pfad: /Users/cristallagus/Desktop/GitHub/Offline_KI
2026-06-04 16:23:10,676 - [INFO] - [OK] globaler Begriff 'root' existiert bereits --> Pfad: /Users/cristallagus/Desktop/GitHub/Offline_KI
2026-06-04 16:23:10,676 - [INFO] - [OK] globaler Begriff 'root' existiert bereits --> Pfad: /Users/cristallagus/Desktop/GitHub/Offline_KI
2026-06-04 16:23:10,676 - [INFO] - [OK] globaler Begriff 'root' existiert bereits --> Pfad: /Users/cristallagus/Desktop/GitHub/Offline_KI
2026-06-04 16:23:10,676 - [INFO] - [OK] globaler Begriff 'root' existiert bereits --> Pfad: /Users/cristallagus/Desktop/GitHub/Offline_KI
2026-06-04 16:23:10,676 - [INFO] - [OK] globaler Begriff 'root' existiert bereits --> Pfad: /Users/cristallagus/Desktop/GitHub/Offline_KI
2026-06-04 16:23:10,679 - [INFO] - [OK] globaler Begriff 'config' existiert bereits --> Pfad: /Users/cristallagus/Desktop/GitHub/Offline_KI/config
2026-06-04 16:23:10,679 - [INFO] - [OK] globaler Begriff 'config' existiert bereits --> Pfad: /Users/cristallagus/Desktop/GitHub/Offline_KI/config
2026-06-04 16:23:10,679 - [INFO] - [OK] globaler Begriff 'config' existiert bereits --> Pfad: /Users/cristallagus/Desktop/GitHub/Offline_KI/config
2026-06-04 16:23:10,679 - [INFO] - [OK] globaler Begriff 'config' existiert bereits --> Pfad: /Users/cristallagus/Desktop/GitHub/Offline_KI/config
2026-06-04 16:23:10,679 - [INFO] - [OK] globaler Begriff 'config' existiert bereits --> Pfad: /Users/cristallagus/Desktop/GitHub/Offline_KI/config
2026-06-04 16:23:10,679 - [INFO] - [OK] globaler Begriff 'config' existiert bereits --> Pfad: /Users/cristallagus/Desktop/GitHub/Offline_KI/config
2026-06-04 16:23:10,679 - [INFO] - [OK] globaler Begriff 'config' existiert bereits --> Pfad: /Users/cristallagus/Desktop/GitHub/Offline_KI/config
2026-06-04 16:23:10,679 - [INFO] - [OK] globaler Begriff 'config' existiert bereits --> Pfad: /Users/cristallagus/Desktop/GitHub/Offline_KI/config
2026-06-04 16:23:10,684 - [INFO] - [OK] globaler Begriff 'data' existiert bereits --> Pfad: /Users/cristallagus/Desktop/GitHub/Offline_KI/data
2026-06-04 16:23:10,684 - [INFO] - [OK] globaler Begriff 'data' existiert bereits --> Pfad: /Users/cristallagus/Desktop/GitHub/Offline_KI/data
2026-06-04 16:23:10,684 - [INFO] - [OK] globaler Begriff 'data' existiert bereits --> Pfad: /Users/cristallagus/Desktop/GitHub/Offline_KI/data
2026-06-04 16:23:10,684 - [INFO] - [OK] globaler Begriff 'data' existiert bereits --> Pfad: /Users/cristallagus/Desktop/GitHub/Offline_KI/data
2026-06-04 16:23:10,684 - [INFO] - [OK] globaler Begriff 'data' existiert bereits --> Pfad: /Users/cristallagus/Desktop/GitHub/Offline_KI/data
2026-06-04 16:23:10,684 - [INFO] - [OK] globaler Begriff 'data' existiert bereits --> Pfad: /Users/cristallagus/Desktop/GitHub/Offline_KI/data
2026-06-04 16:23:10,684 - [INFO] - [OK] globaler Begriff 'data' existiert bereits --> Pfad: /Users/cristallagus/Desktop/GitHub/Offline_KI/data
2026-06-04 16:23:10,684 - [INFO] - [OK] globaler Begriff 'data' existiert bereits --> Pfad: /Users/cristallagus/Desktop/GitHub/Offline_KI/data
2026-06-04 16:23:10,689 - [INFO] - [OK] globaler Begriff 'docker' existiert bereits --> Pfad: /Users/cristallagus/Desktop/GitHub/Offline_KI/docker
2026-06-04 16:23:10,689 - [INFO] - [OK] globaler Begriff 'docker' existiert bereits --> Pfad: /Users/cristallagus/Desktop/GitHub/Offline_KI/docker
2026-06-04 16:23:10,689 - [INFO] - [OK] globaler Begriff 'docker' existiert bereits --> Pfad: /Users/cristallagus/Desktop/GitHub/Offline_KI/docker
2026-06-04 16:23:10,689 - [INFO] - [OK] globaler Begriff 'docker' existiert bereits --> Pfad: /Users/cristallagus/Desktop/GitHub/Offline_KI/docker
2026-06-04 16:23:10,689 - [INFO] - [OK] globaler Begriff 'docker' existiert bereits --> Pfad: /Users/cristallagus/Desktop/GitHub/Offline_KI/docker
2026-06-04 16:23:10,689 - [INFO] - [OK] globaler Begriff 'docker' existiert bereits --> Pfad: /Users/cristallagus/Desktop/GitHub/Offline_KI/docker
2026-06-04 16:23:10,689 - [INFO] - [OK] globaler Begriff 'docker' existiert bereits --> Pfad: /Users/cristallagus/Desktop/GitHub/Offline_KI/docker
2026-06-04 16:23:10,689 - [INFO] - [OK] globaler Begriff 'docker' existiert bereits --> Pfad: /Users/cristallagus/Desktop/GitHub/Offline_KI/docker
2026-06-04 16:23:10,693 - [INFO] - [OK] globaler Begriff 'knowledge' existiert bereits --> Pfad: /Users/cristallagus/Desktop/GitHub/Offline_KI/knowledge
2026-06-04 16:23:10,693 - [INFO] - [OK] globaler Begriff 'knowledge' existiert bereits --> Pfad: /Users/cristallagus/Desktop/GitHub/Offline_KI/knowledge
2026-06-04 16:23:10,693 - [INFO] - [OK] globaler Begriff 'knowledge' existiert bereits --> Pfad: /Users/cristallagus/Desktop/GitHub/Offline_KI/knowledge
2026-06-04 16:23:10,693 - [INFO] - [OK] globaler Begriff 'knowledge' existiert bereits --> Pfad: /Users/cristallagus/Desktop/GitHub/Offline_KI/knowledge
2026-06-04 16:23:10,693 - [INFO] - [OK] globaler Begriff 'knowledge' existiert bereits --> Pfad: /Users/cristallagus/Desktop/GitHub/Offline_KI/knowledge
2026-06-04 16:23:10,693 - [INFO] - [OK] globaler Begriff 'knowledge' existiert bereits --> Pfad: /Users/cristallagus/Desktop/GitHub/Offline_KI/knowledge
2026-06-04 16:23:10,693 - [INFO] - [OK] globaler Begriff 'knowledge' existiert bereits --> Pfad: /Users/cristallagus/Desktop/GitHub/Offline_KI/knowledge
2026-06-04 16:23:10,693 - [INFO] - [OK] globaler Begriff 'knowledge' existiert bereits --> Pfad: /Users/cristallagus/Desktop/GitHub/Offline_KI/knowledge
2026-06-04 16:23:10,696 - [INFO] - [OK] globaler Begriff 'logs' existiert bereits --> Pfad: /Users/cristallagus/Desktop/GitHub/Offline_KI/logs
2026-06-04 16:23:10,696 - [INFO] - [OK] globaler Begriff 'logs' existiert bereits --> Pfad: /Users/cristallagus/Desktop/GitHub/Offline_KI/logs
2026-06-04 16:23:10,696 - [INFO] - [OK] globaler Begriff 'logs' existiert bereits --> Pfad: /Users/cristallagus/Desktop/GitHub/Offline_KI/logs
2026-06-04 16:23:10,696 - [INFO] - [OK] globaler Begriff 'logs' existiert bereits --> Pfad: /Users/cristallagus/Desktop/GitHub/Offline_KI/logs
2026-06-04 16:23:10,696 - [INFO] - [OK] globaler Begriff 'logs' existiert bereits --> Pfad: /Users/cristallagus/Desktop/GitHub/Offline_KI/logs
2026-06-04 16:23:10,696 - [INFO] - [OK] globaler Begriff 'logs' existiert bereits --> Pfad: /Users/cristallagus/Desktop/GitHub/Offline_KI/logs
2026-06-04 16:23:10,696 - [INFO] - [OK] globaler Begriff 'logs' existiert bereits --> Pfad: /Users/cristallagus/Desktop/GitHub/Offline_KI/logs
2026-06-04 16:23:10,696 - [INFO] - [OK] globaler Begriff 'logs' existiert bereits --> Pfad: /Users/cristallagus/Desktop/GitHub/Offline_KI/logs
2026-06-04 16:23:10,700 - [INFO] - [OK] globaler Begriff 'notebooks' existiert bereits --> Pfad: /Users/cristallagus/Desktop/GitHub/Offline_KI/notebooks
2026-06-04 16:23:10,700 - [INFO] - [OK] globaler Begriff 'notebooks' existiert bereits --> Pfad: /Users/cristallagus/Desktop/GitHub/Offline_KI/notebooks
2026-06-04 16:23:10,700 - [INFO] - [OK] globaler Begriff 'notebooks' existiert bereits --> Pfad: /Users/cristallagus/Desktop/GitHub/Offline_KI/notebooks
2026-06-04 16:23:10,700 - [INFO] - [OK] globaler Begriff 'notebooks' existiert bereits --> Pfad: /Users/cristallagus/Desktop/GitHub/Offline_KI/notebooks
2026-06-04 16:23:10,700 - [INFO] - [OK] globaler Begriff 'notebooks' existiert bereits --> Pfad: /Users/cristallagus/Desktop/GitHub/Offline_KI/notebooks
2026-06-04 16:23:10,700 - [INFO] - [OK] globaler Begriff 'notebooks' existiert bereits --> Pfad: /Users/cristallagus/Desktop/GitHub/Offline_KI/notebooks
2026-06-04 16:23:10,700 - [INFO] - [OK] globaler Begriff 'notebooks' existiert bereits --> Pfad: /Users/cristallagus/Desktop/GitHub/Offline_KI/notebooks
2026-06-04 16:23:10,700 - [INFO] - [OK] globaler Begriff 'notebooks' existiert bereits --> Pfad: /Users/cristallagus/Desktop/GitHub/Offline_KI/notebooks
2026-06-04 16:23:10,705 - [INFO] - [OK] globaler Begriff 'privacy' existiert bereits --> Pfad: /Users/cristallagus/Desktop/GitHub/Offline_KI/privacy
2026-06-04 16:23:10,705 - [INFO] - [OK] globaler Begriff 'privacy' existiert bereits --> Pfad: /Users/cristallagus/Desktop/GitHub/Offline_KI/privacy
2026-06-04 16:23:10,705 - [INFO] - [OK] globaler Begriff 'privacy' existiert bereits --> Pfad: /Users/cristallagus/Desktop/GitHub/Offline_KI/privacy
2026-06-04 16:23:10,705 - [INFO] - [OK] globaler Begriff 'privacy' existiert bereits --> Pfad: /Users/cristallagus/Desktop/GitHub/Offline_KI/privacy
2026-06-04 16:23:10,705 - [INFO] - [OK] globaler Begriff 'privacy' existiert bereits --> Pfad: /Users/cristallagus/Desktop/GitHub/Offline_KI/privacy
2026-06-04 16:23:10,705 - [INFO] - [OK] globaler Begriff 'privacy' existiert bereits --> Pfad: /Users/cristallagus/Desktop/GitHub/Offline_KI/privacy
2026-06-04 16:23:10,705 - [INFO] - [OK] globaler Begriff 'privacy' existiert bereits --> Pfad: /Users/cristallagus/Desktop/GitHub/Offline_KI/privacy
2026-06-04 16:23:10,705 - [INFO] - [OK] globaler Begriff 'privacy' existiert bereits --> Pfad: /Users/cristallagus/Desktop/GitHub/Offline_KI/privacy
2026-06-04 16:23:10,708 - [INFO] - [OK] globaler Begriff 'src' existiert bereits --> Pfad: /Users/cristallagus/Desktop/GitHub/Offline_KI/src
2026-06-04 16:23:10,708 - [INFO] - [OK] globaler Begriff 'src' existiert bereits --> Pfad: /Users/cristallagus/Desktop/GitHub/Offline_KI/src
2026-06-04 16:23:10,708 - [INFO] - [OK] globaler Begriff 'src' existiert bereits --> Pfad: /Users/cristallagus/Desktop/GitHub/Offline_KI/src
2026-06-04 16:23:10,708 - [INFO] - [OK] globaler Begriff 'src' existiert bereits --> Pfad: /Users/cristallagus/Desktop/GitHub/Offline_KI/src
2026-06-04 16:23:10,708 - [INFO] - [OK] globaler Begriff 'src' existiert bereits --> Pfad: /Users/cristallagus/Desktop/GitHub/Offline_KI/src
2026-06-04 16:23:10,708 - [INFO] - [OK] globaler Begriff 'src' existiert bereits --> Pfad: /Users/cristallagus/Desktop/GitHub/Offline_KI/src
2026-06-04 16:23:10,708 - [INFO] - [OK] globaler Begriff 'src' existiert bereits --> Pfad: /Users/cristallagus/Desktop/GitHub/Offline_KI/src
2026-06-04 16:23:10,708 - [INFO] - [OK] globaler Begriff 'src' existiert bereits --> Pfad: /Users/cristallagus/Desktop/GitHub/Offline_KI/src
2026-06-04 16:23:10,713 - [INFO] - [OK] globaler Begriff 'temp' existiert bereits --> Pfad: /Users/cristallagus/Desktop/GitHub/Offline_KI/temp
2026-06-04 16:23:10,713 - [INFO] - [OK] globaler Begriff 'temp' existiert bereits --> Pfad: /Users/cristallagus/Desktop/GitHub/Offline_KI/temp
2026-06-04 16:23:10,713 - [INFO] - [OK] globaler Begriff 'temp' existiert bereits --> Pfad: /Users/cristallagus/Desktop/GitHub/Offline_KI/temp
2026-06-04 16:23:10,713 - [INFO] - [OK] globaler Begriff 'temp' existiert bereits --> Pfad: /Users/cristallagus/Desktop/GitHub/Offline_KI/temp
2026-06-04 16:23:10,713 - [INFO] - [OK] globaler Begriff 'temp' existiert bereits --> Pfad: /Users/cristallagus/Desktop/GitHub/Offline_KI/temp
2026-06-04 16:23:10,713 - [INFO] - [OK] globaler Begriff 'temp' existiert bereits --> Pfad: /Users/cristallagus/Desktop/GitHub/Offline_KI/temp
2026-06-04 16:23:10,713 - [INFO] - [OK] globaler Begriff 'temp' existiert bereits --> Pfad: /Users/cristallagus/Desktop/GitHub/Offline_KI/temp
2026-06-04 16:23:10,713 - [INFO] - [OK] globaler Begriff 'temp' existiert bereits --> Pfad: /Users/cristallagus/Desktop/GitHub/Offline_KI/temp
2026-06-04 16:23:10,717 - [INFO] - Globale Pfad-Begriffe erfolgreich gesichert in: /Users/cristallagus/Desktop/GitHub/Offline_KI/config/project_paths.json
2026-06-04 16:23:10,717 - [INFO] - Globale Pfad-Begriffe erfolgreich gesichert in: /Users/cristallagus/Desktop/GitHub/Offline_KI/config/project_paths.json
2026-06-04 16:23:10,717 - [INFO] - Globale Pfad-Begriffe erfolgreich gesichert in: /Users/cristallagus/Desktop/GitHub/Offline_KI/config/project_paths.json
2026-06-04 16:23:10,717 - [INFO] - Globale Pfad-Begriffe erfolgreich gesichert in: /Users/cristallagus/Desktop/GitHub/Offline_KI/config/project_paths.json
2026-06-04 16:23:10,717 - [INFO] - Globale Pfad-Begriffe erfolgreich gesichert in: /Users/cristallagus/Desktop/GitHub/Offline_KI/config/project_paths.json
2026-06-04 16:23:10,717 - [INFO] - Globale Pfad-Begriffe erfolgreich gesichert in: /Users/cristallagus/Desktop/GitHub/Offline_KI/config/project_paths.json
2026-06-04 16:23:10,717 - [INFO] - Globale Pfad-Begriffe erfolgreich gesichert in: /Users/cristallagus/Desktop/GitHub/Offline_KI/config/project_paths.json
2026-06-04 16:23:10,717 - [INFO] - Globale Pfad-Begriffe erfolgreich gesichert in: /Users/cristallagus/Desktop/GitHub/Offline_KI/config/project_paths.json
2026-06-04 16:23:10,719 - [INFO] - --- Projekt-Initialisierung erfolgreich beendet ---

2026-06-04 16:23:10,719 - [INFO] - --- Projekt-Initialisierung erfolgreich beendet ---

2026-06-04 16:23:10,719 - [INFO] - --- Projekt-Initialisierung erfolgreich beendet ---

2026-06-04 16:23:10,719 - [INFO] - --- Projekt-Initialisierung erfolgreich beendet ---

2026-06-04 16:23:10,719 - [INFO] - --- Projekt-Initialisierung erfolgreich beendet ---

2026-06-04 16:23:10,719 - [INFO] - --- Projekt-Initialisierung erfolgreich beendet ---

2026-06-04 16:23:10,719 - [INFO] - --- Projekt-Initialisierung erfolgreich beendet ---

2026-06-04 16:23:10,719 - [INFO] - --- Projekt-Initialisierung erfolgreich beendet ---

2026-06-04 16:23:11,401 - [INFO] - --- Projekt-Initialisierung gestartet ---
2026-06-04 16:23:11,401 - [INFO] - --- Projekt-Initialisierung gestartet ---
2026-06-04 16:23:11,401 - [INFO] - --- Projekt-Initialisierung gestartet ---
2026-06-04 16:23:11,401 - [INFO] - --- Projekt-Initialisierung gestartet ---
2026-06-04 16:23:11,401 - [INFO] - --- Projekt-Initialisierung gestartet ---
2026-06-04 16:23:11,401 - [INFO] - --- Projekt-Initialisierung gestartet ---
2026-06-04 16:23:11,401 - [INFO] - --- Projekt-Initialisierung gestartet ---
2026-06-04 16:23:11,401 - [INFO] - --- Projekt-Initialisierung gestartet ---
2026-06-04 16:23:11,401 - [INFO] - --- Projekt-Initialisierung gestartet ---
2026-06-04 16:23:11,406 - [INFO] - Bestätigtes Hauptverzeichnis (Root): /Users/cristallagus/Desktop/GitHub/Offline_KI
2026-06-04 16:23:11,406 - [INFO] - Bestätigtes Hauptverzeichnis (Root): /Users/cristallagus/Desktop/GitHub/Offline_KI
2026-06-04 16:23:11,406 - [INFO] - Bestätigtes Hauptverzeichnis (Root): /Users/cristallagus/Desktop/GitHub/Offline_KI
2026-06-04 16:23:11,406 - [INFO] - Bestätigtes Hauptverzeichnis (Root): /Users/cristallagus/Desktop/GitHub/Offline_KI
2026-06-04 16:23:11,406 - [INFO] - Bestätigtes Hauptverzeichnis (Root): /Users/cristallagus/Desktop/GitHub/Offline_KI
2026-06-04 16:23:11,406 - [INFO] - Bestätigtes Hauptverzeichnis (Root): /Users/cristallagus/Desktop/GitHub/Offline_KI
2026-06-04 16:23:11,406 - [INFO] - Bestätigtes Hauptverzeichnis (Root): /Users/cristallagus/Desktop/GitHub/Offline_KI
2026-06-04 16:23:11,406 - [INFO] - Bestätigtes Hauptverzeichnis (Root): /Users/cristallagus/Desktop/GitHub/Offline_KI
2026-06-04 16:23:11,406 - [INFO] - Bestätigtes Hauptverzeichnis (Root): /Users/cristallagus/Desktop/GitHub/Offline_KI
2026-06-04 16:23:11,411 - [INFO] - [OK] globaler Begriff 'root' existiert bereits --> Pfad: /Users/cristallagus/Desktop/GitHub/Offline_KI
2026-06-04 16:23:11,411 - [INFO] - [OK] globaler Begriff 'root' existiert bereits --> Pfad: /Users/cristallagus/Desktop/GitHub/Offline_KI
2026-06-04 16:23:11,411 - [INFO] - [OK] globaler Begriff 'root' existiert bereits --> Pfad: /Users/cristallagus/Desktop/GitHub/Offline_KI
2026-06-04 16:23:11,411 - [INFO] - [OK] globaler Begriff 'root' existiert bereits --> Pfad: /Users/cristallagus/Desktop/GitHub/Offline_KI
2026-06-04 16:23:11,411 - [INFO] - [OK] globaler Begriff 'root' existiert bereits --> Pfad: /Users/cristallagus/Desktop/GitHub/Offline_KI
2026-06-04 16:23:11,411 - [INFO] - [OK] globaler Begriff 'root' existiert bereits --> Pfad: /Users/cristallagus/Desktop/GitHub/Offline_KI
2026-06-04 16:23:11,411 - [INFO] - [OK] globaler Begriff 'root' existiert bereits --> Pfad: /Users/cristallagus/Desktop/GitHub/Offline_KI
2026-06-04 16:23:11,411 - [INFO] - [OK] globaler Begriff 'root' existiert bereits --> Pfad: /Users/cristallagus/Desktop/GitHub/Offline_KI
2026-06-04 16:23:11,411 - [INFO] - [OK] globaler Begriff 'root' existiert bereits --> Pfad: /Users/cristallagus/Desktop/GitHub/Offline_KI
2026-06-04 16:23:11,414 - [INFO] - [OK] globaler Begriff 'config' existiert bereits --> Pfad: /Users/cristallagus/Desktop/GitHub/Offline_KI/config
2026-06-04 16:23:11,414 - [INFO] - [OK] globaler Begriff 'config' existiert bereits --> Pfad: /Users/cristallagus/Desktop/GitHub/Offline_KI/config
2026-06-04 16:23:11,414 - [INFO] - [OK] globaler Begriff 'config' existiert bereits --> Pfad: /Users/cristallagus/Desktop/GitHub/Offline_KI/config
2026-06-04 16:23:11,414 - [INFO] - [OK] globaler Begriff 'config' existiert bereits --> Pfad: /Users/cristallagus/Desktop/GitHub/Offline_KI/config
2026-06-04 16:23:11,414 - [INFO] - [OK] globaler Begriff 'config' existiert bereits --> Pfad: /Users/cristallagus/Desktop/GitHub/Offline_KI/config
2026-06-04 16:23:11,414 - [INFO] - [OK] globaler Begriff 'config' existiert bereits --> Pfad: /Users/cristallagus/Desktop/GitHub/Offline_KI/config
2026-06-04 16:23:11,414 - [INFO] - [OK] globaler Begriff 'config' existiert bereits --> Pfad: /Users/cristallagus/Desktop/GitHub/Offline_KI/config
2026-06-04 16:23:11,414 - [INFO] - [OK] globaler Begriff 'config' existiert bereits --> Pfad: /Users/cristallagus/Desktop/GitHub/Offline_KI/config
2026-06-04 16:23:11,414 - [INFO] - [OK] globaler Begriff 'config' existiert bereits --> Pfad: /Users/cristallagus/Desktop/GitHub/Offline_KI/config
2026-06-04 16:23:11,420 - [INFO] - [OK] globaler Begriff 'data' existiert bereits --> Pfad: /Users/cristallagus/Desktop/GitHub/Offline_KI/data
2026-06-04 16:23:11,420 - [INFO] - [OK] globaler Begriff 'data' existiert bereits --> Pfad: /Users/cristallagus/Desktop/GitHub/Offline_KI/data
2026-06-04 16:23:11,420 - [INFO] - [OK] globaler Begriff 'data' existiert bereits --> Pfad: /Users/cristallagus/Desktop/GitHub/Offline_KI/data
2026-06-04 16:23:11,420 - [INFO] - [OK] globaler Begriff 'data' existiert bereits --> Pfad: /Users/cristallagus/Desktop/GitHub/Offline_KI/data
2026-06-04 16:23:11,420 - [INFO] - [OK] globaler Begriff 'data' existiert bereits --> Pfad: /Users/cristallagus/Desktop/GitHub/Offline_KI/data
2026-06-04 16:23:11,420 - [INFO] - [OK] globaler Begriff 'data' existiert bereits --> Pfad: /Users/cristallagus/Desktop/GitHub/Offline_KI/data
2026-06-04 16:23:11,420 - [INFO] - [OK] globaler Begriff 'data' existiert bereits --> Pfad: /Users/cristallagus/Desktop/GitHub/Offline_KI/data
2026-06-04 16:23:11,420 - [INFO] - [OK] globaler Begriff 'data' existiert bereits --> Pfad: /Users/cristallagus/Desktop/GitHub/Offline_KI/data
2026-06-04 16:23:11,420 - [INFO] - [OK] globaler Begriff 'data' existiert bereits --> Pfad: /Users/cristallagus/Desktop/GitHub/Offline_KI/data
2026-06-04 16:23:11,425 - [INFO] - [OK] globaler Begriff 'docker' existiert bereits --> Pfad: /Users/cristallagus/Desktop/GitHub/Offline_KI/docker
2026-06-04 16:23:11,425 - [INFO] - [OK] globaler Begriff 'docker' existiert bereits --> Pfad: /Users/cristallagus/Desktop/GitHub/Offline_KI/docker
2026-06-04 16:23:11,425 - [INFO] - [OK] globaler Begriff 'docker' existiert bereits --> Pfad: /Users/cristallagus/Desktop/GitHub/Offline_KI/docker
2026-06-04 16:23:11,425 - [INFO] - [OK] globaler Begriff 'docker' existiert bereits --> Pfad: /Users/cristallagus/Desktop/GitHub/Offline_KI/docker
2026-06-04 16:23:11,425 - [INFO] - [OK] globaler Begriff 'docker' existiert bereits --> Pfad: /Users/cristallagus/Desktop/GitHub/Offline_KI/docker
2026-06-04 16:23:11,425 - [INFO] - [OK] globaler Begriff 'docker' existiert bereits --> Pfad: /Users/cristallagus/Desktop/GitHub/Offline_KI/docker
2026-06-04 16:23:11,425 - [INFO] - [OK] globaler Begriff 'docker' existiert bereits --> Pfad: /Users/cristallagus/Desktop/GitHub/Offline_KI/docker
2026-06-04 16:23:11,425 - [INFO] - [OK] globaler Begriff 'docker' existiert bereits --> Pfad: /Users/cristallagus/Desktop/GitHub/Offline_KI/docker
2026-06-04 16:23:11,425 - [INFO] - [OK] globaler Begriff 'docker' existiert bereits --> Pfad: /Users/cristallagus/Desktop/GitHub/Offline_KI/docker
2026-06-04 16:23:11,430 - [INFO] - [OK] globaler Begriff 'knowledge' existiert bereits --> Pfad: /Users/cristallagus/Desktop/GitHub/Offline_KI/knowledge
2026-06-04 16:23:11,430 - [INFO] - [OK] globaler Begriff 'knowledge' existiert bereits --> Pfad: /Users/cristallagus/Desktop/GitHub/Offline_KI/knowledge
2026-06-04 16:23:11,430 - [INFO] - [OK] globaler Begriff 'knowledge' existiert bereits --> Pfad: /Users/cristallagus/Desktop/GitHub/Offline_KI/knowledge
2026-06-04 16:23:11,430 - [INFO] - [OK] globaler Begriff 'knowledge' existiert bereits --> Pfad: /Users/cristallagus/Desktop/GitHub/Offline_KI/knowledge
2026-06-04 16:23:11,430 - [INFO] - [OK] globaler Begriff 'knowledge' existiert bereits --> Pfad: /Users/cristallagus/Desktop/GitHub/Offline_KI/knowledge
2026-06-04 16:23:11,430 - [INFO] - [OK] globaler Begriff 'knowledge' existiert bereits --> Pfad: /Users/cristallagus/Desktop/GitHub/Offline_KI/knowledge
2026-06-04 16:23:11,430 - [INFO] - [OK] globaler Begriff 'knowledge' existiert bereits --> Pfad: /Users/cristallagus/Desktop/GitHub/Offline_KI/knowledge
2026-06-04 16:23:11,430 - [INFO] - [OK] globaler Begriff 'knowledge' existiert bereits --> Pfad: /Users/cristallagus/Desktop/GitHub/Offline_KI/knowledge
2026-06-04 16:23:11,430 - [INFO] - [OK] globaler Begriff 'knowledge' existiert bereits --> Pfad: /Users/cristallagus/Desktop/GitHub/Offline_KI/knowledge
2026-06-04 16:23:11,435 - [INFO] - [OK] globaler Begriff 'logs' existiert bereits --> Pfad: /Users/cristallagus/Desktop/GitHub/Offline_KI/logs
2026-06-04 16:23:11,435 - [INFO] - [OK] globaler Begriff 'logs' existiert bereits --> Pfad: /Users/cristallagus/Desktop/GitHub/Offline_KI/logs
2026-06-04 16:23:11,435 - [INFO] - [OK] globaler Begriff 'logs' existiert bereits --> Pfad: /Users/cristallagus/Desktop/GitHub/Offline_KI/logs
2026-06-04 16:23:11,435 - [INFO] - [OK] globaler Begriff 'logs' existiert bereits --> Pfad: /Users/cristallagus/Desktop/GitHub/Offline_KI/logs
2026-06-04 16:23:11,435 - [INFO] - [OK] globaler Begriff 'logs' existiert bereits --> Pfad: /Users/cristallagus/Desktop/GitHub/Offline_KI/logs
2026-06-04 16:23:11,435 - [INFO] - [OK] globaler Begriff 'logs' existiert bereits --> Pfad: /Users/cristallagus/Desktop/GitHub/Offline_KI/logs
2026-06-04 16:23:11,435 - [INFO] - [OK] globaler Begriff 'logs' existiert bereits --> Pfad: /Users/cristallagus/Desktop/GitHub/Offline_KI/logs
2026-06-04 16:23:11,435 - [INFO] - [OK] globaler Begriff 'logs' existiert bereits --> Pfad: /Users/cristallagus/Desktop/GitHub/Offline_KI/logs
2026-06-04 16:23:11,435 - [INFO] - [OK] globaler Begriff 'logs' existiert bereits --> Pfad: /Users/cristallagus/Desktop/GitHub/Offline_KI/logs
2026-06-04 16:23:11,438 - [INFO] - [OK] globaler Begriff 'notebooks' existiert bereits --> Pfad: /Users/cristallagus/Desktop/GitHub/Offline_KI/notebooks
2026-06-04 16:23:11,438 - [INFO] - [OK] globaler Begriff 'notebooks' existiert bereits --> Pfad: /Users/cristallagus/Desktop/GitHub/Offline_KI/notebooks
2026-06-04 16:23:11,438 - [INFO] - [OK] globaler Begriff 'notebooks' existiert bereits --> Pfad: /Users/cristallagus/Desktop/GitHub/Offline_KI/notebooks
2026-06-04 16:23:11,438 - [INFO] - [OK] globaler Begriff 'notebooks' existiert bereits --> Pfad: /Users/cristallagus/Desktop/GitHub/Offline_KI/notebooks
2026-06-04 16:23:11,438 - [INFO] - [OK] globaler Begriff 'notebooks' existiert bereits --> Pfad: /Users/cristallagus/Desktop/GitHub/Offline_KI/notebooks
2026-06-04 16:23:11,438 - [INFO] - [OK] globaler Begriff 'notebooks' existiert bereits --> Pfad: /Users/cristallagus/Desktop/GitHub/Offline_KI/notebooks
2026-06-04 16:23:11,438 - [INFO] - [OK] globaler Begriff 'notebooks' existiert bereits --> Pfad: /Users/cristallagus/Desktop/GitHub/Offline_KI/notebooks
2026-06-04 16:23:11,438 - [INFO] - [OK] globaler Begriff 'notebooks' existiert bereits --> Pfad: /Users/cristallagus/Desktop/GitHub/Offline_KI/notebooks
2026-06-04 16:23:11,438 - [INFO] - [OK] globaler Begriff 'notebooks' existiert bereits --> Pfad: /Users/cristallagus/Desktop/GitHub/Offline_KI/notebooks
2026-06-04 16:23:11,441 - [INFO] - [OK] globaler Begriff 'privacy' existiert bereits --> Pfad: /Users/cristallagus/Desktop/GitHub/Offline_KI/privacy
2026-06-04 16:23:11,441 - [INFO] - [OK] globaler Begriff 'privacy' existiert bereits --> Pfad: /Users/cristallagus/Desktop/GitHub/Offline_KI/privacy
2026-06-04 16:23:11,441 - [INFO] - [OK] globaler Begriff 'privacy' existiert bereits --> Pfad: /Users/cristallagus/Desktop/GitHub/Offline_KI/privacy
2026-06-04 16:23:11,441 - [INFO] - [OK] globaler Begriff 'privacy' existiert bereits --> Pfad: /Users/cristallagus/Desktop/GitHub/Offline_KI/privacy
2026-06-04 16:23:11,441 - [INFO] - [OK] globaler Begriff 'privacy' existiert bereits --> Pfad: /Users/cristallagus/Desktop/GitHub/Offline_KI/privacy
2026-06-04 16:23:11,441 - [INFO] - [OK] globaler Begriff 'privacy' existiert bereits --> Pfad: /Users/cristallagus/Desktop/GitHub/Offline_KI/privacy
2026-06-04 16:23:11,441 - [INFO] - [OK] globaler Begriff 'privacy' existiert bereits --> Pfad: /Users/cristallagus/Desktop/GitHub/Offline_KI/privacy
2026-06-04 16:23:11,441 - [INFO] - [OK] globaler Begriff 'privacy' existiert bereits --> Pfad: /Users/cristallagus/Desktop/GitHub/Offline_KI/privacy
2026-06-04 16:23:11,441 - [INFO] - [OK] globaler Begriff 'privacy' existiert bereits --> Pfad: /Users/cristallagus/Desktop/GitHub/Offline_KI/privacy
2026-06-04 16:23:11,444 - [INFO] - [OK] globaler Begriff 'src' existiert bereits --> Pfad: /Users/cristallagus/Desktop/GitHub/Offline_KI/src
2026-06-04 16:23:11,444 - [INFO] - [OK] globaler Begriff 'src' existiert bereits --> Pfad: /Users/cristallagus/Desktop/GitHub/Offline_KI/src
2026-06-04 16:23:11,444 - [INFO] - [OK] globaler Begriff 'src' existiert bereits --> Pfad: /Users/cristallagus/Desktop/GitHub/Offline_KI/src
2026-06-04 16:23:11,444 - [INFO] - [OK] globaler Begriff 'src' existiert bereits --> Pfad: /Users/cristallagus/Desktop/GitHub/Offline_KI/src
2026-06-04 16:23:11,444 - [INFO] - [OK] globaler Begriff 'src' existiert bereits --> Pfad: /Users/cristallagus/Desktop/GitHub/Offline_KI/src
2026-06-04 16:23:11,444 - [INFO] - [OK] globaler Begriff 'src' existiert bereits --> Pfad: /Users/cristallagus/Desktop/GitHub/Offline_KI/src
2026-06-04 16:23:11,444 - [INFO] - [OK] globaler Begriff 'src' existiert bereits --> Pfad: /Users/cristallagus/Desktop/GitHub/Offline_KI/src
2026-06-04 16:23:11,444 - [INFO] - [OK] globaler Begriff 'src' existiert bereits --> Pfad: /Users/cristallagus/Desktop/GitHub/Offline_KI/src
2026-06-04 16:23:11,444 - [INFO] - [OK] globaler Begriff 'src' existiert bereits --> Pfad: /Users/cristallagus/Desktop/GitHub/Offline_KI/src
2026-06-04 16:23:11,449 - [INFO] - [OK] globaler Begriff 'temp' existiert bereits --> Pfad: /Users/cristallagus/Desktop/GitHub/Offline_KI/temp
2026-06-04 16:23:11,449 - [INFO] - [OK] globaler Begriff 'temp' existiert bereits --> Pfad: /Users/cristallagus/Desktop/GitHub/Offline_KI/temp
2026-06-04 16:23:11,449 - [INFO] - [OK] globaler Begriff 'temp' existiert bereits --> Pfad: /Users/cristallagus/Desktop/GitHub/Offline_KI/temp
2026-06-04 16:23:11,449 - [INFO] - [OK] globaler Begriff 'temp' existiert bereits --> Pfad: /Users/cristallagus/Desktop/GitHub/Offline_KI/temp
2026-06-04 16:23:11,449 - [INFO] - [OK] globaler Begriff 'temp' existiert bereits --> Pfad: /Users/cristallagus/Desktop/GitHub/Offline_KI/temp
2026-06-04 16:23:11,449 - [INFO] - [OK] globaler Begriff 'temp' existiert bereits --> Pfad: /Users/cristallagus/Desktop/GitHub/Offline_KI/temp
2026-06-04 16:23:11,449 - [INFO] - [OK] globaler Begriff 'temp' existiert bereits --> Pfad: /Users/cristallagus/Desktop/GitHub/Offline_KI/temp
2026-06-04 16:23:11,449 - [INFO] - [OK] globaler Begriff 'temp' existiert bereits --> Pfad: /Users/cristallagus/Desktop/GitHub/Offline_KI/temp
2026-06-04 16:23:11,449 - [INFO] - [OK] globaler Begriff 'temp' existiert bereits --> Pfad: /Users/cristallagus/Desktop/GitHub/Offline_KI/temp
2026-06-04 16:23:11,452 - [INFO] - Globale Pfad-Begriffe erfolgreich gesichert in: /Users/cristallagus/Desktop/GitHub/Offline_KI/config/project_paths.json
2026-06-04 16:23:11,452 - [INFO] - Globale Pfad-Begriffe erfolgreich gesichert in: /Users/cristallagus/Desktop/GitHub/Offline_KI/config/project_paths.json
2026-06-04 16:23:11,452 - [INFO] - Globale Pfad-Begriffe erfolgreich gesichert in: /Users/cristallagus/Desktop/GitHub/Offline_KI/config/project_paths.json
2026-06-04 16:23:11,452 - [INFO] - Globale Pfad-Begriffe erfolgreich gesichert in: /Users/cristallagus/Desktop/GitHub/Offline_KI/config/project_paths.json
2026-06-04 16:23:11,452 - [INFO] - Globale Pfad-Begriffe erfolgreich gesichert in: /Users/cristallagus/Desktop/GitHub/Offline_KI/config/project_paths.json
2026-06-04 16:23:11,452 - [INFO] - Globale Pfad-Begriffe erfolgreich gesichert in: /Users/cristallagus/Desktop/GitHub/Offline_KI/config/project_paths.json
2026-06-04 16:23:11,452 - [INFO] - Globale Pfad-Begriffe erfolgreich gesichert in: /Users/cristallagus/Desktop/GitHub/Offline_KI/config/project_paths.json
2026-06-04 16:23:11,452 - [INFO] - Globale Pfad-Begriffe erfolgreich gesichert in: /Users/cristallagus/Desktop/GitHub/Offline_KI/config/project_paths.json
2026-06-04 16:23:11,452 - [INFO] - Globale Pfad-Begriffe erfolgreich gesichert in: /Users/cristallagus/Desktop/GitHub/Offline_KI/config/project_paths.json
2026-06-04 16:23:11,456 - [INFO] - --- Projekt-Initialisierung erfolgreich beendet ---

2026-06-04 16:23:11,456 - [INFO] - --- Projekt-Initialisierung erfolgreich beendet ---

2026-06-04 16:23:11,456 - [INFO] - --- Projekt-Initialisierung erfolgreich beendet ---

2026-06-04 16:23:11,456 - [INFO] - --- Projekt-Initialisierung erfolgreich beendet ---

2026-06-04 16:23:11,456 - [INFO] - --- Projekt-Initialisierung erfolgreich beendet ---

2026-06-04 16:23:11,456 - [INFO] - --- Projekt-Initialisierung erfolgreich beendet ---

2026-06-04 16:23:11,456 - [INFO] - --- Projekt-Initialisierung erfolgreich beendet ---

2026-06-04 16:23:11,456 - [INFO] - --- Projekt-Initialisierung erfolgreich beendet ---

2026-06-04 16:23:11,456 - [INFO] - --- Projekt-Initialisierung erfolgreich beendet ---

2026-06-04 16:23:30,019 - [INFO] - --- Projekt-Initialisierung gestartet ---
2026-06-04 16:23:30,019 - [INFO] - --- Projekt-Initialisierung gestartet ---
2026-06-04 16:23:30,019 - [INFO] - --- Projekt-Initialisierung gestartet ---
2026-06-04 16:23:30,019 - [INFO] - --- Projekt-Initialisierung gestartet ---
2026-06-04 16:23:30,019 - [INFO] - --- Projekt-Initialisierung gestartet ---
2026-06-04 16:23:30,019 - [INFO] - --- Projekt-Initialisierung gestartet ---
2026-06-04 16:23:30,019 - [INFO] - --- Projekt-Initialisierung gestartet ---
2026-06-04 16:23:30,019 - [INFO] - --- Projekt-Initialisierung gestartet ---
2026-06-04 16:23:30,019 - [INFO] - --- Projekt-Initialisierung gestartet ---
2026-06-04 16:23:30,019 - [INFO] - --- Projekt-Initialisierung gestartet ---
2026-06-04 16:23:30,023 - [INFO] - Bestätigtes Hauptverzeichnis (Root): /Users/cristallagus/Desktop/GitHub/Offline_KI
2026-06-04 16:23:30,023 - [INFO] - Bestätigtes Hauptverzeichnis (Root): /Users/cristallagus/Desktop/GitHub/Offline_KI
2026-06-04 16:23:30,023 - [INFO] - Bestätigtes Hauptverzeichnis (Root): /Users/cristallagus/Desktop/GitHub/Offline_KI
2026-06-04 16:23:30,023 - [INFO] - Bestätigtes Hauptverzeichnis (Root): /Users/cristallagus/Desktop/GitHub/Offline_KI
2026-06-04 16:23:30,023 - [INFO] - Bestätigtes Hauptverzeichnis (Root): /Users/cristallagus/Desktop/GitHub/Offline_KI
2026-06-04 16:23:30,023 - [INFO] - Bestätigtes Hauptverzeichnis (Root): /Users/cristallagus/Desktop/GitHub/Offline_KI
2026-06-04 16:23:30,023 - [INFO] - Bestätigtes Hauptverzeichnis (Root): /Users/cristallagus/Desktop/GitHub/Offline_KI
2026-06-04 16:23:30,023 - [INFO] - Bestätigtes Hauptverzeichnis (Root): /Users/cristallagus/Desktop/GitHub/Offline_KI
2026-06-04 16:23:30,023 - [INFO] - Bestätigtes Hauptverzeichnis (Root): /Users/cristallagus/Desktop/GitHub/Offline_KI
2026-06-04 16:23:30,023 - [INFO] - Bestätigtes Hauptverzeichnis (Root): /Users/cristallagus/Desktop/GitHub/Offline_KI
2026-06-04 16:23:30,027 - [INFO] - [OK] globaler Begriff 'root' existiert bereits --> Pfad: /Users/cristallagus/Desktop/GitHub/Offline_KI
2026-06-04 16:23:30,027 - [INFO] - [OK] globaler Begriff 'root' existiert bereits --> Pfad: /Users/cristallagus/Desktop/GitHub/Offline_KI
2026-06-04 16:23:30,027 - [INFO] - [OK] globaler Begriff 'root' existiert bereits --> Pfad: /Users/cristallagus/Desktop/GitHub/Offline_KI
2026-06-04 16:23:30,027 - [INFO] - [OK] globaler Begriff 'root' existiert bereits --> Pfad: /Users/cristallagus/Desktop/GitHub/Offline_KI
2026-06-04 16:23:30,027 - [INFO] - [OK] globaler Begriff 'root' existiert bereits --> Pfad: /Users/cristallagus/Desktop/GitHub/Offline_KI
2026-06-04 16:23:30,027 - [INFO] - [OK] globaler Begriff 'root' existiert bereits --> Pfad: /Users/cristallagus/Desktop/GitHub/Offline_KI
2026-06-04 16:23:30,027 - [INFO] - [OK] globaler Begriff 'root' existiert bereits --> Pfad: /Users/cristallagus/Desktop/GitHub/Offline_KI
2026-06-04 16:23:30,027 - [INFO] - [OK] globaler Begriff 'root' existiert bereits --> Pfad: /Users/cristallagus/Desktop/GitHub/Offline_KI
2026-06-04 16:23:30,027 - [INFO] - [OK] globaler Begriff 'root' existiert bereits --> Pfad: /Users/cristallagus/Desktop/GitHub/Offline_KI
2026-06-04 16:23:30,027 - [INFO] - [OK] globaler Begriff 'root' existiert bereits --> Pfad: /Users/cristallagus/Desktop/GitHub/Offline_KI
2026-06-04 16:23:30,033 - [INFO] - [OK] globaler Begriff 'config' existiert bereits --> Pfad: /Users/cristallagus/Desktop/GitHub/Offline_KI/config
2026-06-04 16:23:30,033 - [INFO] - [OK] globaler Begriff 'config' existiert bereits --> Pfad: /Users/cristallagus/Desktop/GitHub/Offline_KI/config
2026-06-04 16:23:30,033 - [INFO] - [OK] globaler Begriff 'config' existiert bereits --> Pfad: /Users/cristallagus/Desktop/GitHub/Offline_KI/config
2026-06-04 16:23:30,033 - [INFO] - [OK] globaler Begriff 'config' existiert bereits --> Pfad: /Users/cristallagus/Desktop/GitHub/Offline_KI/config
2026-06-04 16:23:30,033 - [INFO] - [OK] globaler Begriff 'config' existiert bereits --> Pfad: /Users/cristallagus/Desktop/GitHub/Offline_KI/config
2026-06-04 16:23:30,033 - [INFO] - [OK] globaler Begriff 'config' existiert bereits --> Pfad: /Users/cristallagus/Desktop/GitHub/Offline_KI/config
2026-06-04 16:23:30,033 - [INFO] - [OK] globaler Begriff 'config' existiert bereits --> Pfad: /Users/cristallagus/Desktop/GitHub/Offline_KI/config
2026-06-04 16:23:30,033 - [INFO] - [OK] globaler Begriff 'config' existiert bereits --> Pfad: /Users/cristallagus/Desktop/GitHub/Offline_KI/config
2026-06-04 16:23:30,033 - [INFO] - [OK] globaler Begriff 'config' existiert bereits --> Pfad: /Users/cristallagus/Desktop/GitHub/Offline_KI/config
2026-06-04 16:23:30,033 - [INFO] - [OK] globaler Begriff 'config' existiert bereits --> Pfad: /Users/cristallagus/Desktop/GitHub/Offline_KI/config
2026-06-04 16:23:30,037 - [INFO] - [OK] globaler Begriff 'data' existiert bereits --> Pfad: /Users/cristallagus/Desktop/GitHub/Offline_KI/data
2026-06-04 16:23:30,037 - [INFO] - [OK] globaler Begriff 'data' existiert bereits --> Pfad: /Users/cristallagus/Desktop/GitHub/Offline_KI/data
2026-06-04 16:23:30,037 - [INFO] - [OK] globaler Begriff 'data' existiert bereits --> Pfad: /Users/cristallagus/Desktop/GitHub/Offline_KI/data
2026-06-04 16:23:30,037 - [INFO] - [OK] globaler Begriff 'data' existiert bereits --> Pfad: /Users/cristallagus/Desktop/GitHub/Offline_KI/data
2026-06-04 16:23:30,037 - [INFO] - [OK] globaler Begriff 'data' existiert bereits --> Pfad: /Users/cristallagus/Desktop/GitHub/Offline_KI/data
2026-06-04 16:23:30,037 - [INFO] - [OK] globaler Begriff 'data' existiert bereits --> Pfad: /Users/cristallagus/Desktop/GitHub/Offline_KI/data
2026-06-04 16:23:30,037 - [INFO] - [OK] globaler Begriff 'data' existiert bereits --> Pfad: /Users/cristallagus/Desktop/GitHub/Offline_KI/data
2026-06-04 16:23:30,037 - [INFO] - [OK] globaler Begriff 'data' existiert bereits --> Pfad: /Users/cristallagus/Desktop/GitHub/Offline_KI/data
2026-06-04 16:23:30,037 - [INFO] - [OK] globaler Begriff 'data' existiert bereits --> Pfad: /Users/cristallagus/Desktop/GitHub/Offline_KI/data
2026-06-04 16:23:30,037 - [INFO] - [OK] globaler Begriff 'data' existiert bereits --> Pfad: /Users/cristallagus/Desktop/GitHub/Offline_KI/data
2026-06-04 16:23:30,042 - [INFO] - [OK] globaler Begriff 'docker' existiert bereits --> Pfad: /Users/cristallagus/Desktop/GitHub/Offline_KI/docker
2026-06-04 16:23:30,042 - [INFO] - [OK] globaler Begriff 'docker' existiert bereits --> Pfad: /Users/cristallagus/Desktop/GitHub/Offline_KI/docker
2026-06-04 16:23:30,042 - [INFO] - [OK] globaler Begriff 'docker' existiert bereits --> Pfad: /Users/cristallagus/Desktop/GitHub/Offline_KI/docker
2026-06-04 16:23:30,042 - [INFO] - [OK] globaler Begriff 'docker' existiert bereits --> Pfad: /Users/cristallagus/Desktop/GitHub/Offline_KI/docker
2026-06-04 16:23:30,042 - [INFO] - [OK] globaler Begriff 'docker' existiert bereits --> Pfad: /Users/cristallagus/Desktop/GitHub/Offline_KI/docker
2026-06-04 16:23:30,042 - [INFO] - [OK] globaler Begriff 'docker' existiert bereits --> Pfad: /Users/cristallagus/Desktop/GitHub/Offline_KI/docker
2026-06-04 16:23:30,042 - [INFO] - [OK] globaler Begriff 'docker' existiert bereits --> Pfad: /Users/cristallagus/Desktop/GitHub/Offline_KI/docker
2026-06-04 16:23:30,042 - [INFO] - [OK] globaler Begriff 'docker' existiert bereits --> Pfad: /Users/cristallagus/Desktop/GitHub/Offline_KI/docker
2026-06-04 16:23:30,042 - [INFO] - [OK] globaler Begriff 'docker' existiert bereits --> Pfad: /Users/cristallagus/Desktop/GitHub/Offline_KI/docker
2026-06-04 16:23:30,042 - [INFO] - [OK] globaler Begriff 'docker' existiert bereits --> Pfad: /Users/cristallagus/Desktop/GitHub/Offline_KI/docker
2026-06-04 16:23:30,045 - [INFO] - [OK] globaler Begriff 'knowledge' existiert bereits --> Pfad: /Users/cristallagus/Desktop/GitHub/Offline_KI/knowledge
2026-06-04 16:23:30,045 - [INFO] - [OK] globaler Begriff 'knowledge' existiert bereits --> Pfad: /Users/cristallagus/Desktop/GitHub/Offline_KI/knowledge
2026-06-04 16:23:30,045 - [INFO] - [OK] globaler Begriff 'knowledge' existiert bereits --> Pfad: /Users/cristallagus/Desktop/GitHub/Offline_KI/knowledge
2026-06-04 16:23:30,045 - [INFO] - [OK] globaler Begriff 'knowledge' existiert bereits --> Pfad: /Users/cristallagus/Desktop/GitHub/Offline_KI/knowledge
2026-06-04 16:23:30,045 - [INFO] - [OK] globaler Begriff 'knowledge' existiert bereits --> Pfad: /Users/cristallagus/Desktop/GitHub/Offline_KI/knowledge
2026-06-04 16:23:30,045 - [INFO] - [OK] globaler Begriff 'knowledge' existiert bereits --> Pfad: /Users/cristallagus/Desktop/GitHub/Offline_KI/knowledge
2026-06-04 16:23:30,045 - [INFO] - [OK] globaler Begriff 'knowledge' existiert bereits --> Pfad: /Users/cristallagus/Desktop/GitHub/Offline_KI/knowledge
2026-06-04 16:23:30,045 - [INFO] - [OK] globaler Begriff 'knowledge' existiert bereits --> Pfad: /Users/cristallagus/Desktop/GitHub/Offline_KI/knowledge
2026-06-04 16:23:30,045 - [INFO] - [OK] globaler Begriff 'knowledge' existiert bereits --> Pfad: /Users/cristallagus/Desktop/GitHub/Offline_KI/knowledge
2026-06-04 16:23:30,045 - [INFO] - [OK] globaler Begriff 'knowledge' existiert bereits --> Pfad: /Users/cristallagus/Desktop/GitHub/Offline_KI/knowledge
2026-06-04 16:23:30,048 - [INFO] - [OK] globaler Begriff 'logs' existiert bereits --> Pfad: /Users/cristallagus/Desktop/GitHub/Offline_KI/logs
2026-06-04 16:23:30,048 - [INFO] - [OK] globaler Begriff 'logs' existiert bereits --> Pfad: /Users/cristallagus/Desktop/GitHub/Offline_KI/logs
2026-06-04 16:23:30,048 - [INFO] - [OK] globaler Begriff 'logs' existiert bereits --> Pfad: /Users/cristallagus/Desktop/GitHub/Offline_KI/logs
2026-06-04 16:23:30,048 - [INFO] - [OK] globaler Begriff 'logs' existiert bereits --> Pfad: /Users/cristallagus/Desktop/GitHub/Offline_KI/logs
2026-06-04 16:23:30,048 - [INFO] - [OK] globaler Begriff 'logs' existiert bereits --> Pfad: /Users/cristallagus/Desktop/GitHub/Offline_KI/logs
2026-06-04 16:23:30,048 - [INFO] - [OK] globaler Begriff 'logs' existiert bereits --> Pfad: /Users/cristallagus/Desktop/GitHub/Offline_KI/logs
2026-06-04 16:23:30,048 - [INFO] - [OK] globaler Begriff 'logs' existiert bereits --> Pfad: /Users/cristallagus/Desktop/GitHub/Offline_KI/logs
2026-06-04 16:23:30,048 - [INFO] - [OK] globaler Begriff 'logs' existiert bereits --> Pfad: /Users/cristallagus/Desktop/GitHub/Offline_KI/logs
2026-06-04 16:23:30,048 - [INFO] - [OK] globaler Begriff 'logs' existiert bereits --> Pfad: /Users/cristallagus/Desktop/GitHub/Offline_KI/logs
2026-06-04 16:23:30,048 - [INFO] - [OK] globaler Begriff 'logs' existiert bereits --> Pfad: /Users/cristallagus/Desktop/GitHub/Offline_KI/logs
2026-06-04 16:23:30,053 - [INFO] - [OK] globaler Begriff 'notebooks' existiert bereits --> Pfad: /Users/cristallagus/Desktop/GitHub/Offline_KI/notebooks
2026-06-04 16:23:30,053 - [INFO] - [OK] globaler Begriff 'notebooks' existiert bereits --> Pfad: /Users/cristallagus/Desktop/GitHub/Offline_KI/notebooks
2026-06-04 16:23:30,053 - [INFO] - [OK] globaler Begriff 'notebooks' existiert bereits --> Pfad: /Users/cristallagus/Desktop/GitHub/Offline_KI/notebooks
2026-06-04 16:23:30,053 - [INFO] - [OK] globaler Begriff 'notebooks' existiert bereits --> Pfad: /Users/cristallagus/Desktop/GitHub/Offline_KI/notebooks
2026-06-04 16:23:30,053 - [INFO] - [OK] globaler Begriff 'notebooks' existiert bereits --> Pfad: /Users/cristallagus/Desktop/GitHub/Offline_KI/notebooks
2026-06-04 16:23:30,053 - [INFO] - [OK] globaler Begriff 'notebooks' existiert bereits --> Pfad: /Users/cristallagus/Desktop/GitHub/Offline_KI/notebooks
2026-06-04 16:23:30,053 - [INFO] - [OK] globaler Begriff 'notebooks' existiert bereits --> Pfad: /Users/cristallagus/Desktop/GitHub/Offline_KI/notebooks
2026-06-04 16:23:30,053 - [INFO] - [OK] globaler Begriff 'notebooks' existiert bereits --> Pfad: /Users/cristallagus/Desktop/GitHub/Offline_KI/notebooks
2026-06-04 16:23:30,053 - [INFO] - [OK] globaler Begriff 'notebooks' existiert bereits --> Pfad: /Users/cristallagus/Desktop/GitHub/Offline_KI/notebooks
2026-06-04 16:23:30,053 - [INFO] - [OK] globaler Begriff 'notebooks' existiert bereits --> Pfad: /Users/cristallagus/Desktop/GitHub/Offline_KI/notebooks
2026-06-04 16:23:30,057 - [INFO] - [OK] globaler Begriff 'privacy' existiert bereits --> Pfad: /Users/cristallagus/Desktop/GitHub/Offline_KI/privacy
2026-06-04 16:23:30,057 - [INFO] - [OK] globaler Begriff 'privacy' existiert bereits --> Pfad: /Users/cristallagus/Desktop/GitHub/Offline_KI/privacy
2026-06-04 16:23:30,057 - [INFO] - [OK] globaler Begriff 'privacy' existiert bereits --> Pfad: /Users/cristallagus/Desktop/GitHub/Offline_KI/privacy
2026-06-04 16:23:30,057 - [INFO] - [OK] globaler Begriff 'privacy' existiert bereits --> Pfad: /Users/cristallagus/Desktop/GitHub/Offline_KI/privacy
2026-06-04 16:23:30,057 - [INFO] - [OK] globaler Begriff 'privacy' existiert bereits --> Pfad: /Users/cristallagus/Desktop/GitHub/Offline_KI/privacy
2026-06-04 16:23:30,057 - [INFO] - [OK] globaler Begriff 'privacy' existiert bereits --> Pfad: /Users/cristallagus/Desktop/GitHub/Offline_KI/privacy
2026-06-04 16:23:30,057 - [INFO] - [OK] globaler Begriff 'privacy' existiert bereits --> Pfad: /Users/cristallagus/Desktop/GitHub/Offline_KI/privacy
2026-06-04 16:23:30,057 - [INFO] - [OK] globaler Begriff 'privacy' existiert bereits --> Pfad: /Users/cristallagus/Desktop/GitHub/Offline_KI/privacy
2026-06-04 16:23:30,057 - [INFO] - [OK] globaler Begriff 'privacy' existiert bereits --> Pfad: /Users/cristallagus/Desktop/GitHub/Offline_KI/privacy
2026-06-04 16:23:30,057 - [INFO] - [OK] globaler Begriff 'privacy' existiert bereits --> Pfad: /Users/cristallagus/Desktop/GitHub/Offline_KI/privacy
2026-06-04 16:23:30,061 - [INFO] - [OK] globaler Begriff 'src' existiert bereits --> Pfad: /Users/cristallagus/Desktop/GitHub/Offline_KI/src
2026-06-04 16:23:30,061 - [INFO] - [OK] globaler Begriff 'src' existiert bereits --> Pfad: /Users/cristallagus/Desktop/GitHub/Offline_KI/src
2026-06-04 16:23:30,061 - [INFO] - [OK] globaler Begriff 'src' existiert bereits --> Pfad: /Users/cristallagus/Desktop/GitHub/Offline_KI/src
2026-06-04 16:23:30,061 - [INFO] - [OK] globaler Begriff 'src' existiert bereits --> Pfad: /Users/cristallagus/Desktop/GitHub/Offline_KI/src
2026-06-04 16:23:30,061 - [INFO] - [OK] globaler Begriff 'src' existiert bereits --> Pfad: /Users/cristallagus/Desktop/GitHub/Offline_KI/src
2026-06-04 16:23:30,061 - [INFO] - [OK] globaler Begriff 'src' existiert bereits --> Pfad: /Users/cristallagus/Desktop/GitHub/Offline_KI/src
2026-06-04 16:23:30,061 - [INFO] - [OK] globaler Begriff 'src' existiert bereits --> Pfad: /Users/cristallagus/Desktop/GitHub/Offline_KI/src
2026-06-04 16:23:30,061 - [INFO] - [OK] globaler Begriff 'src' existiert bereits --> Pfad: /Users/cristallagus/Desktop/GitHub/Offline_KI/src
2026-06-04 16:23:30,061 - [INFO] - [OK] globaler Begriff 'src' existiert bereits --> Pfad: /Users/cristallagus/Desktop/GitHub/Offline_KI/src
2026-06-04 16:23:30,061 - [INFO] - [OK] globaler Begriff 'src' existiert bereits --> Pfad: /Users/cristallagus/Desktop/GitHub/Offline_KI/src
2026-06-04 16:23:30,068 - [INFO] - [OK] globaler Begriff 'temp' existiert bereits --> Pfad: /Users/cristallagus/Desktop/GitHub/Offline_KI/temp
2026-06-04 16:23:30,068 - [INFO] - [OK] globaler Begriff 'temp' existiert bereits --> Pfad: /Users/cristallagus/Desktop/GitHub/Offline_KI/temp
2026-06-04 16:23:30,068 - [INFO] - [OK] globaler Begriff 'temp' existiert bereits --> Pfad: /Users/cristallagus/Desktop/GitHub/Offline_KI/temp
2026-06-04 16:23:30,068 - [INFO] - [OK] globaler Begriff 'temp' existiert bereits --> Pfad: /Users/cristallagus/Desktop/GitHub/Offline_KI/temp
2026-06-04 16:23:30,068 - [INFO] - [OK] globaler Begriff 'temp' existiert bereits --> Pfad: /Users/cristallagus/Desktop/GitHub/Offline_KI/temp
2026-06-04 16:23:30,068 - [INFO] - [OK] globaler Begriff 'temp' existiert bereits --> Pfad: /Users/cristallagus/Desktop/GitHub/Offline_KI/temp
2026-06-04 16:23:30,068 - [INFO] - [OK] globaler Begriff 'temp' existiert bereits --> Pfad: /Users/cristallagus/Desktop/GitHub/Offline_KI/temp
2026-06-04 16:23:30,068 - [INFO] - [OK] globaler Begriff 'temp' existiert bereits --> Pfad: /Users/cristallagus/Desktop/GitHub/Offline_KI/temp
2026-06-04 16:23:30,068 - [INFO] - [OK] globaler Begriff 'temp' existiert bereits --> Pfad: /Users/cristallagus/Desktop/GitHub/Offline_KI/temp
2026-06-04 16:23:30,068 - [INFO] - [OK] globaler Begriff 'temp' existiert bereits --> Pfad: /Users/cristallagus/Desktop/GitHub/Offline_KI/temp
2026-06-04 16:23:30,071 - [INFO] - Globale Pfad-Begriffe erfolgreich gesichert in: /Users/cristallagus/Desktop/GitHub/Offline_KI/config/project_paths.json
2026-06-04 16:23:30,071 - [INFO] - Globale Pfad-Begriffe erfolgreich gesichert in: /Users/cristallagus/Desktop/GitHub/Offline_KI/config/project_paths.json
2026-06-04 16:23:30,071 - [INFO] - Globale Pfad-Begriffe erfolgreich gesichert in: /Users/cristallagus/Desktop/GitHub/Offline_KI/config/project_paths.json
2026-06-04 16:23:30,071 - [INFO] - Globale Pfad-Begriffe erfolgreich gesichert in: /Users/cristallagus/Desktop/GitHub/Offline_KI/config/project_paths.json
2026-06-04 16:23:30,071 - [INFO] - Globale Pfad-Begriffe erfolgreich gesichert in: /Users/cristallagus/Desktop/GitHub/Offline_KI/config/project_paths.json
2026-06-04 16:23:30,071 - [INFO] - Globale Pfad-Begriffe erfolgreich gesichert in: /Users/cristallagus/Desktop/GitHub/Offline_KI/config/project_paths.json
2026-06-04 16:23:30,071 - [INFO] - Globale Pfad-Begriffe erfolgreich gesichert in: /Users/cristallagus/Desktop/GitHub/Offline_KI/config/project_paths.json
2026-06-04 16:23:30,071 - [INFO] - Globale Pfad-Begriffe erfolgreich gesichert in: /Users/cristallagus/Desktop/GitHub/Offline_KI/config/project_paths.json
2026-06-04 16:23:30,071 - [INFO] - Globale Pfad-Begriffe erfolgreich gesichert in: /Users/cristallagus/Desktop/GitHub/Offline_KI/config/project_paths.json
2026-06-04 16:23:30,071 - [INFO] - Globale Pfad-Begriffe erfolgreich gesichert in: /Users/cristallagus/Desktop/GitHub/Offline_KI/config/project_paths.json
2026-06-04 16:23:30,074 - [INFO] - --- Projekt-Initialisierung erfolgreich beendet ---

2026-06-04 16:23:30,074 - [INFO] - --- Projekt-Initialisierung erfolgreich beendet ---

2026-06-04 16:23:30,074 - [INFO] - --- Projekt-Initialisierung erfolgreich beendet ---

2026-06-04 16:23:30,074 - [INFO] - --- Projekt-Initialisierung erfolgreich beendet ---

2026-06-04 16:23:30,074 - [INFO] - --- Projekt-Initialisierung erfolgreich beendet ---

2026-06-04 16:23:30,074 - [INFO] - --- Projekt-Initialisierung erfolgreich beendet ---

2026-06-04 16:23:30,074 - [INFO] - --- Projekt-Initialisierung erfolgreich beendet ---

2026-06-04 16:23:30,074 - [INFO] - --- Projekt-Initialisierung erfolgreich beendet ---

2026-06-04 16:23:30,074 - [INFO] - --- Projekt-Initialisierung erfolgreich beendet ---

2026-06-04 16:23:30,074 - [INFO] - --- Projekt-Initialisierung erfolgreich beendet ---

2026-06-04 16:23:44,780 - [INFO] - --- Projekt-Initialisierung gestartet ---
2026-06-04 16:23:44,780 - [INFO] - Bestätigtes Hauptverzeichnis (Root): /Users/cristallagus/Desktop/GitHub/Offline_KI
2026-06-04 16:23:44,781 - [INFO] - [OK] globaler Begriff 'root' existiert bereits --> Pfad: /Users/cristallagus/Desktop/GitHub/Offline_KI
2026-06-04 16:23:44,781 - [INFO] - [OK] globaler Begriff 'config' existiert bereits --> Pfad: /Users/cristallagus/Desktop/GitHub/Offline_KI/config
2026-06-04 16:23:44,782 - [INFO] - [OK] globaler Begriff 'data' existiert bereits --> Pfad: /Users/cristallagus/Desktop/GitHub/Offline_KI/data
2026-06-04 16:23:44,783 - [INFO] - [OK] globaler Begriff 'docker' existiert bereits --> Pfad: /Users/cristallagus/Desktop/GitHub/Offline_KI/docker
2026-06-04 16:23:44,783 - [INFO] - [OK] globaler Begriff 'knowledge' existiert bereits --> Pfad: /Users/cristallagus/Desktop/GitHub/Offline_KI/knowledge
2026-06-04 16:23:44,783 - [INFO] - [OK] globaler Begriff 'logs' existiert bereits --> Pfad: /Users/cristallagus/Desktop/GitHub/Offline_KI/logs
2026-06-04 16:23:44,784 - [INFO] - [OK] globaler Begriff 'notebooks' existiert bereits --> Pfad: /Users/cristallagus/Desktop/GitHub/Offline_KI/notebooks
2026-06-04 16:23:44,784 - [INFO] - [OK] globaler Begriff 'privacy' existiert bereits --> Pfad: /Users/cristallagus/Desktop/GitHub/Offline_KI/privacy
2026-06-04 16:23:44,784 - [INFO] - [OK] globaler Begriff 'src' existiert bereits --> Pfad: /Users/cristallagus/Desktop/GitHub/Offline_KI/src
2026-06-04 16:23:44,785 - [INFO] - [OK] globaler Begriff 'temp' existiert bereits --> Pfad: /Users/cristallagus/Desktop/GitHub/Offline_KI/temp
2026-06-04 16:23:44,786 - [INFO] - Globale Pfad-Begriffe erfolgreich gesichert in: /Users/cristallagus/Desktop/GitHub/Offline_KI/config/project_paths.json
2026-06-04 16:23:44,787 - [INFO] - --- Projekt-Initialisierung erfolgreich beendet ---

2026-06-04 16:26:18,188 - [INFO] - --- Projekt-Initialisierung gestartet ---
2026-06-04 16:26:18,188 - [INFO] - Bestätigtes Hauptverzeichnis (Root): /Users/cristallagus/Desktop/GitHub/Offline_KI
2026-06-04 16:26:18,189 - [INFO] - [OK] globaler Begriff 'root' existiert bereits --> Pfad: /Users/cristallagus/Desktop/GitHub/Offline_KI
2026-06-04 16:26:18,189 - [INFO] - [OK] globaler Begriff 'config' existiert bereits --> Pfad: /Users/cristallagus/Desktop/GitHub/Offline_KI/config
2026-06-04 16:26:18,190 - [INFO] - [OK] globaler Begriff 'data' existiert bereits --> Pfad: /Users/cristallagus/Desktop/GitHub/Offline_KI/data
2026-06-04 16:26:18,190 - [INFO] - [OK] globaler Begriff 'docker' existiert bereits --> Pfad: /Users/cristallagus/Desktop/GitHub/Offline_KI/docker
2026-06-04 16:26:18,190 - [INFO] - [OK] globaler Begriff 'knowledge' existiert bereits --> Pfad: /Users/cristallagus/Desktop/GitHub/Offline_KI/knowledge
2026-06-04 16:26:18,191 - [INFO] - [OK] globaler Begriff 'logs' existiert bereits --> Pfad: /Users/cristallagus/Desktop/GitHub/Offline_KI/logs
2026-06-04 16:26:18,191 - [INFO] - [OK] globaler Begriff 'notebooks' existiert bereits --> Pfad: /Users/cristallagus/Desktop/GitHub/Offline_KI/notebooks
2026-06-04 16:26:18,191 - [INFO] - [OK] globaler Begriff 'privacy' existiert bereits --> Pfad: /Users/cristallagus/Desktop/GitHub/Offline_KI/privacy
2026-06-04 16:26:18,192 - [INFO] - [OK] globaler Begriff 'src' existiert bereits --> Pfad: /Users/cristallagus/Desktop/GitHub/Offline_KI/src
2026-06-04 16:26:18,192 - [INFO] - [OK] globaler Begriff 'temp' existiert bereits --> Pfad: /Users/cristallagus/Desktop/GitHub/Offline_KI/temp
2026-06-04 16:26:18,193 - [INFO] - Globale Pfad-Begriffe erfolgreich gesichert in: /Users/cristallagus/Desktop/GitHub/Offline_KI/config/project_paths.json
2026-06-04 16:26:18,193 - [INFO] - --- Projekt-Initialisierung erfolgreich beendet ---

2026-06-04 16:34:53,788 - [INFO] - --- Stochastische Projekt-Initialisierung gestartet ---
2026-06-04 16:34:53,788 - [INFO] - --- Stochastische Projekt-Initialisierung gestartet ---
2026-06-04 16:34:53,789 - [INFO] - Bestätigtes Hauptverzeichnis (Root): /Users/cristallagus/Desktop/GitHub/Offline_KI
2026-06-04 16:34:53,789 - [INFO] - Bestätigtes Hauptverzeichnis (Root): /Users/cristallagus/Desktop/GitHub/Offline_KI
2026-06-04 16:34:53,790 - [INFO] - [OK - MATCHED] Begriff 'root' im System lokalisiert --> Pfad: /Users/cristallagus/Desktop/GitHub/Offline_KI
2026-06-04 16:34:53,790 - [INFO] - [OK - MATCHED] Begriff 'root' im System lokalisiert --> Pfad: /Users/cristallagus/Desktop/GitHub/Offline_KI
2026-06-04 16:34:53,792 - [INFO] - [OK - MATCHED] Begriff 'config' im System lokalisiert --> Pfad: /Users/cristallagus/Desktop/GitHub/Offline_KI/config
2026-06-04 16:34:53,792 - [INFO] - [OK - MATCHED] Begriff 'config' im System lokalisiert --> Pfad: /Users/cristallagus/Desktop/GitHub/Offline_KI/config
2026-06-04 16:34:53,793 - [INFO] - [OK - MATCHED] Begriff 'data' im System lokalisiert --> Pfad: /Users/cristallagus/Desktop/GitHub/Offline_KI/data
2026-06-04 16:34:53,793 - [INFO] - [OK - MATCHED] Begriff 'data' im System lokalisiert --> Pfad: /Users/cristallagus/Desktop/GitHub/Offline_KI/data
2026-06-04 16:34:53,795 - [INFO] - [OK - MATCHED] Begriff 'knowledge' im System lokalisiert --> Pfad: /Users/cristallagus/Desktop/GitHub/Offline_KI/knowledge
2026-06-04 16:34:53,795 - [INFO] - [OK - MATCHED] Begriff 'knowledge' im System lokalisiert --> Pfad: /Users/cristallagus/Desktop/GitHub/Offline_KI/knowledge
2026-06-04 16:34:53,796 - [INFO] - [OK - MATCHED] Begriff 'logs' im System lokalisiert --> Pfad: /Users/cristallagus/Desktop/GitHub/Offline_KI/logs
2026-06-04 16:34:53,796 - [INFO] - [OK - MATCHED] Begriff 'logs' im System lokalisiert --> Pfad: /Users/cristallagus/Desktop/GitHub/Offline_KI/logs
2026-06-04 16:34:53,797 - [INFO] - [OK - MATCHED] Begriff 'notebooks' im System lokalisiert --> Pfad: /Users/cristallagus/Desktop/GitHub/Offline_KI/notebooks
2026-06-04 16:34:53,797 - [INFO] - [OK - MATCHED] Begriff 'notebooks' im System lokalisiert --> Pfad: /Users/cristallagus/Desktop/GitHub/Offline_KI/notebooks
2026-06-04 16:34:53,798 - [INFO] - [OK - MATCHED] Begriff 'privacy' im System lokalisiert --> Pfad: /Users/cristallagus/Desktop/GitHub/Offline_KI/privacy
2026-06-04 16:34:53,798 - [INFO] - [OK - MATCHED] Begriff 'privacy' im System lokalisiert --> Pfad: /Users/cristallagus/Desktop/GitHub/Offline_KI/privacy
2026-06-04 16:34:53,800 - [INFO] - [OK - MATCHED] Begriff 'src' im System lokalisiert --> Pfad: /Users/cristallagus/Desktop/GitHub/Offline_KI/src
2026-06-04 16:34:53,800 - [INFO] - [OK - MATCHED] Begriff 'src' im System lokalisiert --> Pfad: /Users/cristallagus/Desktop/GitHub/Offline_KI/src
2026-06-04 16:34:53,801 - [INFO] - [OK - MATCHED] Begriff 'temp' im System lokalisiert --> Pfad: /Users/cristallagus/Desktop/GitHub/Offline_KI/temp
2026-06-04 16:34:53,801 - [INFO] - [OK - MATCHED] Begriff 'temp' im System lokalisiert --> Pfad: /Users/cristallagus/Desktop/GitHub/Offline_KI/temp
2026-06-04 16:34:53,801 - [INFO] - [OK - MATCHED] Begriff 'Offline_KI_temp' im System lokalisiert --> Pfad: /Users/cristallagus/Desktop/GitHub/Offline_KI/temp
2026-06-04 16:34:53,801 - [INFO] - [OK - MATCHED] Begriff 'Offline_KI_temp' im System lokalisiert --> Pfad: /Users/cristallagus/Desktop/GitHub/Offline_KI/temp
2026-06-04 16:34:53,802 - [INFO] - [OK - MATCHED] Begriff 'docker' im System lokalisiert --> Pfad: /Users/cristallagus/Desktop/GitHub/Offline_KI/docker
2026-06-04 16:34:53,802 - [INFO] - [OK - MATCHED] Begriff 'docker' im System lokalisiert --> Pfad: /Users/cristallagus/Desktop/GitHub/Offline_KI/docker
2026-06-04 16:34:53,804 - [INFO] - [OK - MATCHED] Begriff 'Offline_KI_privacy' im System lokalisiert --> Pfad: /Users/cristallagus/Desktop/GitHub/Offline_KI/privacy
2026-06-04 16:34:53,804 - [INFO] - [OK - MATCHED] Begriff 'Offline_KI_privacy' im System lokalisiert --> Pfad: /Users/cristallagus/Desktop/GitHub/Offline_KI/privacy
2026-06-04 16:34:53,806 - [INFO] - [OK - MATCHED] Begriff 'Offline_KI_config' im System lokalisiert --> Pfad: /Users/cristallagus/Desktop/GitHub/Offline_KI/config
2026-06-04 16:34:53,806 - [INFO] - [OK - MATCHED] Begriff 'Offline_KI_config' im System lokalisiert --> Pfad: /Users/cristallagus/Desktop/GitHub/Offline_KI/config
2026-06-04 16:34:53,807 - [INFO] - [OK - MATCHED] Begriff 'Offline_KI_logs' im System lokalisiert --> Pfad: /Users/cristallagus/Desktop/GitHub/Offline_KI/logs
2026-06-04 16:34:53,807 - [INFO] - [OK - MATCHED] Begriff 'Offline_KI_logs' im System lokalisiert --> Pfad: /Users/cristallagus/Desktop/GitHub/Offline_KI/logs
2026-06-04 16:34:53,808 - [INFO] - [OK - MATCHED] Begriff 'Offline_KI_knowledge' im System lokalisiert --> Pfad: /Users/cristallagus/Desktop/GitHub/Offline_KI/knowledge
2026-06-04 16:34:53,808 - [INFO] - [OK - MATCHED] Begriff 'Offline_KI_knowledge' im System lokalisiert --> Pfad: /Users/cristallagus/Desktop/GitHub/Offline_KI/knowledge
2026-06-04 16:34:53,809 - [INFO] - [OK - MATCHED] Begriff 'Offline_KI_data' im System lokalisiert --> Pfad: /Users/cristallagus/Desktop/GitHub/Offline_KI/data
2026-06-04 16:34:53,809 - [INFO] - [OK - MATCHED] Begriff 'Offline_KI_data' im System lokalisiert --> Pfad: /Users/cristallagus/Desktop/GitHub/Offline_KI/data
2026-06-04 16:34:53,810 - [INFO] - [OK - MATCHED] Begriff 'Offline_KI_notebooks' im System lokalisiert --> Pfad: /Users/cristallagus/Desktop/GitHub/Offline_KI/notebooks
2026-06-04 16:34:53,810 - [INFO] - [OK - MATCHED] Begriff 'Offline_KI_notebooks' im System lokalisiert --> Pfad: /Users/cristallagus/Desktop/GitHub/Offline_KI/notebooks
2026-06-04 16:34:53,811 - [INFO] - [OK - MATCHED] Begriff '.idea' im System lokalisiert --> Pfad: /Users/cristallagus/Desktop/GitHub/Offline_KI/.idea
2026-06-04 16:34:53,811 - [INFO] - [OK - MATCHED] Begriff '.idea' im System lokalisiert --> Pfad: /Users/cristallagus/Desktop/GitHub/Offline_KI/.idea
2026-06-04 16:34:53,811 - [INFO] - [OK - MATCHED] Begriff 'Offline_KI_src' im System lokalisiert --> Pfad: /Users/cristallagus/Desktop/GitHub/Offline_KI/src
2026-06-04 16:34:53,811 - [INFO] - [OK - MATCHED] Begriff 'Offline_KI_src' im System lokalisiert --> Pfad: /Users/cristallagus/Desktop/GitHub/Offline_KI/src
2026-06-04 16:34:53,812 - [INFO] - [OK - MATCHED] Begriff 'inspectionProfiles' im System lokalisiert --> Pfad: /Users/cristallagus/Desktop/GitHub/Offline_KI/.idea/inspectionProfiles
2026-06-04 16:34:53,812 - [INFO] - [OK - MATCHED] Begriff 'inspectionProfiles' im System lokalisiert --> Pfad: /Users/cristallagus/Desktop/GitHub/Offline_KI/.idea/inspectionProfiles
2026-06-04 16:34:53,813 - [INFO] - [OK - MATCHED] Begriff 'docker_py' im System lokalisiert --> Pfad: /Users/cristallagus/Desktop/GitHub/Offline_KI/src/docker_py
2026-06-04 16:34:53,813 - [INFO] - [OK - MATCHED] Begriff 'docker_py' im System lokalisiert --> Pfad: /Users/cristallagus/Desktop/GitHub/Offline_KI/src/docker_py
2026-06-04 16:34:53,816 - [INFO] - Globale Pfad-Begriffe erfolgreich gesichert in: /Users/cristallagus/Desktop/GitHub/Offline_KI/config/project_paths.json
2026-06-04 16:34:53,816 - [INFO] - Globale Pfad-Begriffe erfolgreich gesichert in: /Users/cristallagus/Desktop/GitHub/Offline_KI/config/project_paths.json
2026-06-04 16:34:53,817 - [INFO] - --- Projekt-Initialisierung erfolgreich beendet ---

2026-06-04 16:34:53,817 - [INFO] - --- Projekt-Initialisierung erfolgreich beendet ---

2026-06-04 16:41:17,386 - [INFO] - --- Stochastische Projekt-Initialisierung gestartet ---
2026-06-04 16:41:17,386 - [INFO] - Bestätigtes Hauptverzeichnis (Root): /Users/cristallagus/Desktop/GitHub/Offline_KI
2026-06-04 16:41:17,387 - [INFO] - [OK - GESCHÜTZT] Begriff 'root' bereits aktiv --> Pfad: /Users/cristallagus/Desktop/GitHub/Offline_KI
2026-06-04 16:41:17,387 - [INFO] - [OK - GESCHÜTZT] Begriff 'config' bereits aktiv --> Pfad: /Users/cristallagus/Desktop/GitHub/Offline_KI/config
2026-06-04 16:41:17,388 - [INFO] - [OK - GESCHÜTZT] Begriff 'data' bereits aktiv --> Pfad: /Users/cristallagus/Desktop/GitHub/Offline_KI/data
2026-06-04 16:41:17,389 - [INFO] - [OK - GESCHÜTZT] Begriff 'knowledge' bereits aktiv --> Pfad: /Users/cristallagus/Desktop/GitHub/Offline_KI/knowledge
2026-06-04 16:41:17,389 - [INFO] - [OK - GESCHÜTZT] Begriff 'logs' bereits aktiv --> Pfad: /Users/cristallagus/Desktop/GitHub/Offline_KI/logs
2026-06-04 16:41:17,390 - [INFO] - [OK - GESCHÜTZT] Begriff 'notebooks' bereits aktiv --> Pfad: /Users/cristallagus/Desktop/GitHub/Offline_KI/notebooks
2026-06-04 16:41:17,390 - [INFO] - [OK - GESCHÜTZT] Begriff 'privacy' bereits aktiv --> Pfad: /Users/cristallagus/Desktop/GitHub/Offline_KI/privacy
2026-06-04 16:41:17,390 - [INFO] - [OK - GESCHÜTZT] Begriff 'src' bereits aktiv --> Pfad: /Users/cristallagus/Desktop/GitHub/Offline_KI/src
2026-06-04 16:41:17,391 - [INFO] - [OK - GESCHÜTZT] Begriff 'temp' bereits aktiv --> Pfad: /Users/cristallagus/Desktop/GitHub/Offline_KI/temp
2026-06-04 16:41:17,392 - [INFO] - [ERSTELLT] Neuer stochastischer Begriff 'docker' --> Pfad: /Users/cristallagus/Desktop/GitHub/Offline_KI/src/docker
2026-06-04 16:41:17,393 - [INFO] - [OK - GESCHÜTZT] Begriff 'Offline_KI_docker' bereits aktiv --> Pfad: /Users/cristallagus/Desktop/GitHub/Offline_KI/docker
2026-06-04 16:41:17,394 - [INFO] - [OK - GESCHÜTZT] Begriff '.idea' bereits aktiv --> Pfad: /Users/cristallagus/Desktop/GitHub/Offline_KI/.idea
2026-06-04 16:41:17,394 - [INFO] - [OK - GESCHÜTZT] Begriff 'inspectionProfiles' bereits aktiv --> Pfad: /Users/cristallagus/Desktop/GitHub/Offline_KI/.idea/inspectionProfiles
2026-06-04 16:41:17,395 - [INFO] - [OK - GESCHÜTZT] Begriff 'docker_py' bereits aktiv --> Pfad: /Users/cristallagus/Desktop/GitHub/Offline_KI/src/docker_py
2026-06-04 16:41:17,396 - [INFO] - Globale Pfad-Begriffe erfolgreich gesichert in: /Users/cristallagus/Desktop/GitHub/Offline_KI/config/project_paths.json
2026-06-04 16:41:17,396 - [INFO] - --- Projekt-Initialisierung erfolgreich beendet ---

2026-06-04 16:41:19,495 - [INFO] - --- Stochastische Projekt-Initialisierung gestartet ---
2026-06-04 16:41:19,495 - [INFO] - --- Stochastische Projekt-Initialisierung gestartet ---
2026-06-04 16:41:19,497 - [INFO] - Bestätigtes Hauptverzeichnis (Root): /Users/cristallagus/Desktop/GitHub/Offline_KI
2026-06-04 16:41:19,497 - [INFO] - Bestätigtes Hauptverzeichnis (Root): /Users/cristallagus/Desktop/GitHub/Offline_KI
2026-06-04 16:41:19,499 - [INFO] - [OK - GESCHÜTZT] Begriff 'root' bereits aktiv --> Pfad: /Users/cristallagus/Desktop/GitHub/Offline_KI
2026-06-04 16:41:19,499 - [INFO] - [OK - GESCHÜTZT] Begriff 'root' bereits aktiv --> Pfad: /Users/cristallagus/Desktop/GitHub/Offline_KI
2026-06-04 16:41:19,500 - [INFO] - [OK - GESCHÜTZT] Begriff 'config' bereits aktiv --> Pfad: /Users/cristallagus/Desktop/GitHub/Offline_KI/config
2026-06-04 16:41:19,500 - [INFO] - [OK - GESCHÜTZT] Begriff 'config' bereits aktiv --> Pfad: /Users/cristallagus/Desktop/GitHub/Offline_KI/config
2026-06-04 16:41:19,500 - [INFO] - [OK - GESCHÜTZT] Begriff 'data' bereits aktiv --> Pfad: /Users/cristallagus/Desktop/GitHub/Offline_KI/data
2026-06-04 16:41:19,500 - [INFO] - [OK - GESCHÜTZT] Begriff 'data' bereits aktiv --> Pfad: /Users/cristallagus/Desktop/GitHub/Offline_KI/data
2026-06-04 16:41:19,501 - [INFO] - [OK - GESCHÜTZT] Begriff 'knowledge' bereits aktiv --> Pfad: /Users/cristallagus/Desktop/GitHub/Offline_KI/knowledge
2026-06-04 16:41:19,501 - [INFO] - [OK - GESCHÜTZT] Begriff 'knowledge' bereits aktiv --> Pfad: /Users/cristallagus/Desktop/GitHub/Offline_KI/knowledge
2026-06-04 16:41:19,502 - [INFO] - [OK - GESCHÜTZT] Begriff 'logs' bereits aktiv --> Pfad: /Users/cristallagus/Desktop/GitHub/Offline_KI/logs
2026-06-04 16:41:19,502 - [INFO] - [OK - GESCHÜTZT] Begriff 'logs' bereits aktiv --> Pfad: /Users/cristallagus/Desktop/GitHub/Offline_KI/logs
2026-06-04 16:41:19,503 - [INFO] - [OK - GESCHÜTZT] Begriff 'notebooks' bereits aktiv --> Pfad: /Users/cristallagus/Desktop/GitHub/Offline_KI/notebooks
2026-06-04 16:41:19,503 - [INFO] - [OK - GESCHÜTZT] Begriff 'notebooks' bereits aktiv --> Pfad: /Users/cristallagus/Desktop/GitHub/Offline_KI/notebooks
2026-06-04 16:41:19,505 - [INFO] - [OK - GESCHÜTZT] Begriff 'privacy' bereits aktiv --> Pfad: /Users/cristallagus/Desktop/GitHub/Offline_KI/privacy
2026-06-04 16:41:19,505 - [INFO] - [OK - GESCHÜTZT] Begriff 'privacy' bereits aktiv --> Pfad: /Users/cristallagus/Desktop/GitHub/Offline_KI/privacy
2026-06-04 16:41:19,505 - [INFO] - [OK - GESCHÜTZT] Begriff 'src' bereits aktiv --> Pfad: /Users/cristallagus/Desktop/GitHub/Offline_KI/src
2026-06-04 16:41:19,505 - [INFO] - [OK - GESCHÜTZT] Begriff 'src' bereits aktiv --> Pfad: /Users/cristallagus/Desktop/GitHub/Offline_KI/src
2026-06-04 16:41:19,506 - [INFO] - [OK - GESCHÜTZT] Begriff 'temp' bereits aktiv --> Pfad: /Users/cristallagus/Desktop/GitHub/Offline_KI/temp
2026-06-04 16:41:19,506 - [INFO] - [OK - GESCHÜTZT] Begriff 'temp' bereits aktiv --> Pfad: /Users/cristallagus/Desktop/GitHub/Offline_KI/temp
2026-06-04 16:41:19,507 - [INFO] - [OK - GESCHÜTZT] Begriff 'docker' bereits aktiv --> Pfad: /Users/cristallagus/Desktop/GitHub/Offline_KI/src/docker
2026-06-04 16:41:19,507 - [INFO] - [OK - GESCHÜTZT] Begriff 'docker' bereits aktiv --> Pfad: /Users/cristallagus/Desktop/GitHub/Offline_KI/src/docker
2026-06-04 16:41:19,508 - [INFO] - [OK - GESCHÜTZT] Begriff 'Offline_KI_docker' bereits aktiv --> Pfad: /Users/cristallagus/Desktop/GitHub/Offline_KI/docker
2026-06-04 16:41:19,508 - [INFO] - [OK - GESCHÜTZT] Begriff 'Offline_KI_docker' bereits aktiv --> Pfad: /Users/cristallagus/Desktop/GitHub/Offline_KI/docker
2026-06-04 16:41:19,508 - [INFO] - [OK - GESCHÜTZT] Begriff '.idea' bereits aktiv --> Pfad: /Users/cristallagus/Desktop/GitHub/Offline_KI/.idea
2026-06-04 16:41:19,508 - [INFO] - [OK - GESCHÜTZT] Begriff '.idea' bereits aktiv --> Pfad: /Users/cristallagus/Desktop/GitHub/Offline_KI/.idea
2026-06-04 16:41:19,510 - [INFO] - [OK - GESCHÜTZT] Begriff 'inspectionProfiles' bereits aktiv --> Pfad: /Users/cristallagus/Desktop/GitHub/Offline_KI/.idea/inspectionProfiles
2026-06-04 16:41:19,510 - [INFO] - [OK - GESCHÜTZT] Begriff 'inspectionProfiles' bereits aktiv --> Pfad: /Users/cristallagus/Desktop/GitHub/Offline_KI/.idea/inspectionProfiles
2026-06-04 16:41:19,511 - [INFO] - [OK - GESCHÜTZT] Begriff 'docker_py' bereits aktiv --> Pfad: /Users/cristallagus/Desktop/GitHub/Offline_KI/src/docker_py
2026-06-04 16:41:19,511 - [INFO] - [OK - GESCHÜTZT] Begriff 'docker_py' bereits aktiv --> Pfad: /Users/cristallagus/Desktop/GitHub/Offline_KI/src/docker_py
2026-06-04 16:41:19,512 - [INFO] - Globale Pfad-Begriffe erfolgreich gesichert in: /Users/cristallagus/Desktop/GitHub/Offline_KI/config/project_paths.json
2026-06-04 16:41:19,512 - [INFO] - Globale Pfad-Begriffe erfolgreich gesichert in: /Users/cristallagus/Desktop/GitHub/Offline_KI/config/project_paths.json
2026-06-04 16:41:19,513 - [INFO] - --- Projekt-Initialisierung erfolgreich beendet ---

2026-06-04 16:41:19,513 - [INFO] - --- Projekt-Initialisierung erfolgreich beendet ---

2026-06-04 16:41:21,096 - [INFO] - --- Stochastische Projekt-Initialisierung gestartet ---
2026-06-04 16:41:21,096 - [INFO] - --- Stochastische Projekt-Initialisierung gestartet ---
2026-06-04 16:41:21,096 - [INFO] - --- Stochastische Projekt-Initialisierung gestartet ---
2026-06-04 16:41:21,099 - [INFO] - Bestätigtes Hauptverzeichnis (Root): /Users/cristallagus/Desktop/GitHub/Offline_KI
2026-06-04 16:41:21,099 - [INFO] - Bestätigtes Hauptverzeichnis (Root): /Users/cristallagus/Desktop/GitHub/Offline_KI
2026-06-04 16:41:21,099 - [INFO] - Bestätigtes Hauptverzeichnis (Root): /Users/cristallagus/Desktop/GitHub/Offline_KI
2026-06-04 16:41:21,101 - [INFO] - [OK - GESCHÜTZT] Begriff 'root' bereits aktiv --> Pfad: /Users/cristallagus/Desktop/GitHub/Offline_KI
2026-06-04 16:41:21,101 - [INFO] - [OK - GESCHÜTZT] Begriff 'root' bereits aktiv --> Pfad: /Users/cristallagus/Desktop/GitHub/Offline_KI
2026-06-04 16:41:21,101 - [INFO] - [OK - GESCHÜTZT] Begriff 'root' bereits aktiv --> Pfad: /Users/cristallagus/Desktop/GitHub/Offline_KI
2026-06-04 16:41:21,102 - [INFO] - [OK - GESCHÜTZT] Begriff 'config' bereits aktiv --> Pfad: /Users/cristallagus/Desktop/GitHub/Offline_KI/config
2026-06-04 16:41:21,102 - [INFO] - [OK - GESCHÜTZT] Begriff 'config' bereits aktiv --> Pfad: /Users/cristallagus/Desktop/GitHub/Offline_KI/config
2026-06-04 16:41:21,102 - [INFO] - [OK - GESCHÜTZT] Begriff 'config' bereits aktiv --> Pfad: /Users/cristallagus/Desktop/GitHub/Offline_KI/config
2026-06-04 16:41:21,103 - [INFO] - [OK - GESCHÜTZT] Begriff 'data' bereits aktiv --> Pfad: /Users/cristallagus/Desktop/GitHub/Offline_KI/data
2026-06-04 16:41:21,103 - [INFO] - [OK - GESCHÜTZT] Begriff 'data' bereits aktiv --> Pfad: /Users/cristallagus/Desktop/GitHub/Offline_KI/data
2026-06-04 16:41:21,103 - [INFO] - [OK - GESCHÜTZT] Begriff 'data' bereits aktiv --> Pfad: /Users/cristallagus/Desktop/GitHub/Offline_KI/data
2026-06-04 16:41:21,105 - [INFO] - [OK - GESCHÜTZT] Begriff 'knowledge' bereits aktiv --> Pfad: /Users/cristallagus/Desktop/GitHub/Offline_KI/knowledge
2026-06-04 16:41:21,105 - [INFO] - [OK - GESCHÜTZT] Begriff 'knowledge' bereits aktiv --> Pfad: /Users/cristallagus/Desktop/GitHub/Offline_KI/knowledge
2026-06-04 16:41:21,105 - [INFO] - [OK - GESCHÜTZT] Begriff 'knowledge' bereits aktiv --> Pfad: /Users/cristallagus/Desktop/GitHub/Offline_KI/knowledge
2026-06-04 16:41:21,107 - [INFO] - [OK - GESCHÜTZT] Begriff 'logs' bereits aktiv --> Pfad: /Users/cristallagus/Desktop/GitHub/Offline_KI/logs
2026-06-04 16:41:21,107 - [INFO] - [OK - GESCHÜTZT] Begriff 'logs' bereits aktiv --> Pfad: /Users/cristallagus/Desktop/GitHub/Offline_KI/logs
2026-06-04 16:41:21,107 - [INFO] - [OK - GESCHÜTZT] Begriff 'logs' bereits aktiv --> Pfad: /Users/cristallagus/Desktop/GitHub/Offline_KI/logs
2026-06-04 16:41:21,109 - [INFO] - [OK - GESCHÜTZT] Begriff 'notebooks' bereits aktiv --> Pfad: /Users/cristallagus/Desktop/GitHub/Offline_KI/notebooks
2026-06-04 16:41:21,109 - [INFO] - [OK - GESCHÜTZT] Begriff 'notebooks' bereits aktiv --> Pfad: /Users/cristallagus/Desktop/GitHub/Offline_KI/notebooks
2026-06-04 16:41:21,109 - [INFO] - [OK - GESCHÜTZT] Begriff 'notebooks' bereits aktiv --> Pfad: /Users/cristallagus/Desktop/GitHub/Offline_KI/notebooks
2026-06-04 16:41:21,110 - [INFO] - [OK - GESCHÜTZT] Begriff 'privacy' bereits aktiv --> Pfad: /Users/cristallagus/Desktop/GitHub/Offline_KI/privacy
2026-06-04 16:41:21,110 - [INFO] - [OK - GESCHÜTZT] Begriff 'privacy' bereits aktiv --> Pfad: /Users/cristallagus/Desktop/GitHub/Offline_KI/privacy
2026-06-04 16:41:21,110 - [INFO] - [OK - GESCHÜTZT] Begriff 'privacy' bereits aktiv --> Pfad: /Users/cristallagus/Desktop/GitHub/Offline_KI/privacy
2026-06-04 16:41:21,111 - [INFO] - [OK - GESCHÜTZT] Begriff 'src' bereits aktiv --> Pfad: /Users/cristallagus/Desktop/GitHub/Offline_KI/src
2026-06-04 16:41:21,111 - [INFO] - [OK - GESCHÜTZT] Begriff 'src' bereits aktiv --> Pfad: /Users/cristallagus/Desktop/GitHub/Offline_KI/src
2026-06-04 16:41:21,111 - [INFO] - [OK - GESCHÜTZT] Begriff 'src' bereits aktiv --> Pfad: /Users/cristallagus/Desktop/GitHub/Offline_KI/src
2026-06-04 16:41:21,113 - [INFO] - [OK - GESCHÜTZT] Begriff 'temp' bereits aktiv --> Pfad: /Users/cristallagus/Desktop/GitHub/Offline_KI/temp
2026-06-04 16:41:21,113 - [INFO] - [OK - GESCHÜTZT] Begriff 'temp' bereits aktiv --> Pfad: /Users/cristallagus/Desktop/GitHub/Offline_KI/temp
2026-06-04 16:41:21,113 - [INFO] - [OK - GESCHÜTZT] Begriff 'temp' bereits aktiv --> Pfad: /Users/cristallagus/Desktop/GitHub/Offline_KI/temp
2026-06-04 16:41:21,114 - [INFO] - [OK - GESCHÜTZT] Begriff 'docker' bereits aktiv --> Pfad: /Users/cristallagus/Desktop/GitHub/Offline_KI/src/docker
2026-06-04 16:41:21,114 - [INFO] - [OK - GESCHÜTZT] Begriff 'docker' bereits aktiv --> Pfad: /Users/cristallagus/Desktop/GitHub/Offline_KI/src/docker
2026-06-04 16:41:21,114 - [INFO] - [OK - GESCHÜTZT] Begriff 'docker' bereits aktiv --> Pfad: /Users/cristallagus/Desktop/GitHub/Offline_KI/src/docker
2026-06-04 16:41:21,116 - [INFO] - [OK - GESCHÜTZT] Begriff 'Offline_KI_docker' bereits aktiv --> Pfad: /Users/cristallagus/Desktop/GitHub/Offline_KI/docker
2026-06-04 16:41:21,116 - [INFO] - [OK - GESCHÜTZT] Begriff 'Offline_KI_docker' bereits aktiv --> Pfad: /Users/cristallagus/Desktop/GitHub/Offline_KI/docker
2026-06-04 16:41:21,116 - [INFO] - [OK - GESCHÜTZT] Begriff 'Offline_KI_docker' bereits aktiv --> Pfad: /Users/cristallagus/Desktop/GitHub/Offline_KI/docker
2026-06-04 16:41:21,118 - [INFO] - [OK - GESCHÜTZT] Begriff '.idea' bereits aktiv --> Pfad: /Users/cristallagus/Desktop/GitHub/Offline_KI/.idea
2026-06-04 16:41:21,118 - [INFO] - [OK - GESCHÜTZT] Begriff '.idea' bereits aktiv --> Pfad: /Users/cristallagus/Desktop/GitHub/Offline_KI/.idea
2026-06-04 16:41:21,118 - [INFO] - [OK - GESCHÜTZT] Begriff '.idea' bereits aktiv --> Pfad: /Users/cristallagus/Desktop/GitHub/Offline_KI/.idea
2026-06-04 16:41:21,119 - [INFO] - [OK - GESCHÜTZT] Begriff 'inspectionProfiles' bereits aktiv --> Pfad: /Users/cristallagus/Desktop/GitHub/Offline_KI/.idea/inspectionProfiles
2026-06-04 16:41:21,119 - [INFO] - [OK - GESCHÜTZT] Begriff 'inspectionProfiles' bereits aktiv --> Pfad: /Users/cristallagus/Desktop/GitHub/Offline_KI/.idea/inspectionProfiles
2026-06-04 16:41:21,119 - [INFO] - [OK - GESCHÜTZT] Begriff 'inspectionProfiles' bereits aktiv --> Pfad: /Users/cristallagus/Desktop/GitHub/Offline_KI/.idea/inspectionProfiles
2026-06-04 16:41:21,121 - [INFO] - [OK - GESCHÜTZT] Begriff 'docker_py' bereits aktiv --> Pfad: /Users/cristallagus/Desktop/GitHub/Offline_KI/src/docker_py
2026-06-04 16:41:21,121 - [INFO] - [OK - GESCHÜTZT] Begriff 'docker_py' bereits aktiv --> Pfad: /Users/cristallagus/Desktop/GitHub/Offline_KI/src/docker_py
2026-06-04 16:41:21,121 - [INFO] - [OK - GESCHÜTZT] Begriff 'docker_py' bereits aktiv --> Pfad: /Users/cristallagus/Desktop/GitHub/Offline_KI/src/docker_py
2026-06-04 16:41:21,124 - [INFO] - Globale Pfad-Begriffe erfolgreich gesichert in: /Users/cristallagus/Desktop/GitHub/Offline_KI/config/project_paths.json
2026-06-04 16:41:21,124 - [INFO] - Globale Pfad-Begriffe erfolgreich gesichert in: /Users/cristallagus/Desktop/GitHub/Offline_KI/config/project_paths.json
2026-06-04 16:41:21,124 - [INFO] - Globale Pfad-Begriffe erfolgreich gesichert in: /Users/cristallagus/Desktop/GitHub/Offline_KI/config/project_paths.json
2026-06-04 16:41:21,125 - [INFO] - --- Projekt-Initialisierung erfolgreich beendet ---

2026-06-04 16:41:21,125 - [INFO] - --- Projekt-Initialisierung erfolgreich beendet ---

2026-06-04 16:41:21,125 - [INFO] - --- Projekt-Initialisierung erfolgreich beendet ---

2026-06-04 16:41:21,811 - [INFO] - --- Stochastische Projekt-Initialisierung gestartet ---
2026-06-04 16:41:21,811 - [INFO] - --- Stochastische Projekt-Initialisierung gestartet ---
2026-06-04 16:41:21,811 - [INFO] - --- Stochastische Projekt-Initialisierung gestartet ---
2026-06-04 16:41:21,811 - [INFO] - --- Stochastische Projekt-Initialisierung gestartet ---
2026-06-04 16:41:21,812 - [INFO] - Bestätigtes Hauptverzeichnis (Root): /Users/cristallagus/Desktop/GitHub/Offline_KI
2026-06-04 16:41:21,812 - [INFO] - Bestätigtes Hauptverzeichnis (Root): /Users/cristallagus/Desktop/GitHub/Offline_KI
2026-06-04 16:41:21,812 - [INFO] - Bestätigtes Hauptverzeichnis (Root): /Users/cristallagus/Desktop/GitHub/Offline_KI
2026-06-04 16:41:21,812 - [INFO] - Bestätigtes Hauptverzeichnis (Root): /Users/cristallagus/Desktop/GitHub/Offline_KI
2026-06-04 16:41:21,815 - [INFO] - [OK - GESCHÜTZT] Begriff 'root' bereits aktiv --> Pfad: /Users/cristallagus/Desktop/GitHub/Offline_KI
2026-06-04 16:41:21,815 - [INFO] - [OK - GESCHÜTZT] Begriff 'root' bereits aktiv --> Pfad: /Users/cristallagus/Desktop/GitHub/Offline_KI
2026-06-04 16:41:21,815 - [INFO] - [OK - GESCHÜTZT] Begriff 'root' bereits aktiv --> Pfad: /Users/cristallagus/Desktop/GitHub/Offline_KI
2026-06-04 16:41:21,815 - [INFO] - [OK - GESCHÜTZT] Begriff 'root' bereits aktiv --> Pfad: /Users/cristallagus/Desktop/GitHub/Offline_KI
2026-06-04 16:41:21,817 - [INFO] - [OK - GESCHÜTZT] Begriff 'config' bereits aktiv --> Pfad: /Users/cristallagus/Desktop/GitHub/Offline_KI/config
2026-06-04 16:41:21,817 - [INFO] - [OK - GESCHÜTZT] Begriff 'config' bereits aktiv --> Pfad: /Users/cristallagus/Desktop/GitHub/Offline_KI/config
2026-06-04 16:41:21,817 - [INFO] - [OK - GESCHÜTZT] Begriff 'config' bereits aktiv --> Pfad: /Users/cristallagus/Desktop/GitHub/Offline_KI/config
2026-06-04 16:41:21,817 - [INFO] - [OK - GESCHÜTZT] Begriff 'config' bereits aktiv --> Pfad: /Users/cristallagus/Desktop/GitHub/Offline_KI/config
2026-06-04 16:41:21,819 - [INFO] - [OK - GESCHÜTZT] Begriff 'data' bereits aktiv --> Pfad: /Users/cristallagus/Desktop/GitHub/Offline_KI/data
2026-06-04 16:41:21,819 - [INFO] - [OK - GESCHÜTZT] Begriff 'data' bereits aktiv --> Pfad: /Users/cristallagus/Desktop/GitHub/Offline_KI/data
2026-06-04 16:41:21,819 - [INFO] - [OK - GESCHÜTZT] Begriff 'data' bereits aktiv --> Pfad: /Users/cristallagus/Desktop/GitHub/Offline_KI/data
2026-06-04 16:41:21,819 - [INFO] - [OK - GESCHÜTZT] Begriff 'data' bereits aktiv --> Pfad: /Users/cristallagus/Desktop/GitHub/Offline_KI/data
2026-06-04 16:41:21,821 - [INFO] - [OK - GESCHÜTZT] Begriff 'knowledge' bereits aktiv --> Pfad: /Users/cristallagus/Desktop/GitHub/Offline_KI/knowledge
2026-06-04 16:41:21,821 - [INFO] - [OK - GESCHÜTZT] Begriff 'knowledge' bereits aktiv --> Pfad: /Users/cristallagus/Desktop/GitHub/Offline_KI/knowledge
2026-06-04 16:41:21,821 - [INFO] - [OK - GESCHÜTZT] Begriff 'knowledge' bereits aktiv --> Pfad: /Users/cristallagus/Desktop/GitHub/Offline_KI/knowledge
2026-06-04 16:41:21,821 - [INFO] - [OK - GESCHÜTZT] Begriff 'knowledge' bereits aktiv --> Pfad: /Users/cristallagus/Desktop/GitHub/Offline_KI/knowledge
2026-06-04 16:41:21,824 - [INFO] - [OK - GESCHÜTZT] Begriff 'logs' bereits aktiv --> Pfad: /Users/cristallagus/Desktop/GitHub/Offline_KI/logs
2026-06-04 16:41:21,824 - [INFO] - [OK - GESCHÜTZT] Begriff 'logs' bereits aktiv --> Pfad: /Users/cristallagus/Desktop/GitHub/Offline_KI/logs
2026-06-04 16:41:21,824 - [INFO] - [OK - GESCHÜTZT] Begriff 'logs' bereits aktiv --> Pfad: /Users/cristallagus/Desktop/GitHub/Offline_KI/logs
2026-06-04 16:41:21,824 - [INFO] - [OK - GESCHÜTZT] Begriff 'logs' bereits aktiv --> Pfad: /Users/cristallagus/Desktop/GitHub/Offline_KI/logs
2026-06-04 16:41:21,826 - [INFO] - [OK - GESCHÜTZT] Begriff 'notebooks' bereits aktiv --> Pfad: /Users/cristallagus/Desktop/GitHub/Offline_KI/notebooks
2026-06-04 16:41:21,826 - [INFO] - [OK - GESCHÜTZT] Begriff 'notebooks' bereits aktiv --> Pfad: /Users/cristallagus/Desktop/GitHub/Offline_KI/notebooks
2026-06-04 16:41:21,826 - [INFO] - [OK - GESCHÜTZT] Begriff 'notebooks' bereits aktiv --> Pfad: /Users/cristallagus/Desktop/GitHub/Offline_KI/notebooks
2026-06-04 16:41:21,826 - [INFO] - [OK - GESCHÜTZT] Begriff 'notebooks' bereits aktiv --> Pfad: /Users/cristallagus/Desktop/GitHub/Offline_KI/notebooks
2026-06-04 16:41:21,828 - [INFO] - [OK - GESCHÜTZT] Begriff 'privacy' bereits aktiv --> Pfad: /Users/cristallagus/Desktop/GitHub/Offline_KI/privacy
2026-06-04 16:41:21,828 - [INFO] - [OK - GESCHÜTZT] Begriff 'privacy' bereits aktiv --> Pfad: /Users/cristallagus/Desktop/GitHub/Offline_KI/privacy
2026-06-04 16:41:21,828 - [INFO] - [OK - GESCHÜTZT] Begriff 'privacy' bereits aktiv --> Pfad: /Users/cristallagus/Desktop/GitHub/Offline_KI/privacy
2026-06-04 16:41:21,828 - [INFO] - [OK - GESCHÜTZT] Begriff 'privacy' bereits aktiv --> Pfad: /Users/cristallagus/Desktop/GitHub/Offline_KI/privacy
2026-06-04 16:41:21,830 - [INFO] - [OK - GESCHÜTZT] Begriff 'src' bereits aktiv --> Pfad: /Users/cristallagus/Desktop/GitHub/Offline_KI/src
2026-06-04 16:41:21,830 - [INFO] - [OK - GESCHÜTZT] Begriff 'src' bereits aktiv --> Pfad: /Users/cristallagus/Desktop/GitHub/Offline_KI/src
2026-06-04 16:41:21,830 - [INFO] - [OK - GESCHÜTZT] Begriff 'src' bereits aktiv --> Pfad: /Users/cristallagus/Desktop/GitHub/Offline_KI/src
2026-06-04 16:41:21,830 - [INFO] - [OK - GESCHÜTZT] Begriff 'src' bereits aktiv --> Pfad: /Users/cristallagus/Desktop/GitHub/Offline_KI/src
2026-06-04 16:41:21,832 - [INFO] - [OK - GESCHÜTZT] Begriff 'temp' bereits aktiv --> Pfad: /Users/cristallagus/Desktop/GitHub/Offline_KI/temp
2026-06-04 16:41:21,832 - [INFO] - [OK - GESCHÜTZT] Begriff 'temp' bereits aktiv --> Pfad: /Users/cristallagus/Desktop/GitHub/Offline_KI/temp
2026-06-04 16:41:21,832 - [INFO] - [OK - GESCHÜTZT] Begriff 'temp' bereits aktiv --> Pfad: /Users/cristallagus/Desktop/GitHub/Offline_KI/temp
2026-06-04 16:41:21,832 - [INFO] - [OK - GESCHÜTZT] Begriff 'temp' bereits aktiv --> Pfad: /Users/cristallagus/Desktop/GitHub/Offline_KI/temp
2026-06-04 16:41:21,833 - [INFO] - [OK - GESCHÜTZT] Begriff 'docker' bereits aktiv --> Pfad: /Users/cristallagus/Desktop/GitHub/Offline_KI/src/docker
2026-06-04 16:41:21,833 - [INFO] - [OK - GESCHÜTZT] Begriff 'docker' bereits aktiv --> Pfad: /Users/cristallagus/Desktop/GitHub/Offline_KI/src/docker
2026-06-04 16:41:21,833 - [INFO] - [OK - GESCHÜTZT] Begriff 'docker' bereits aktiv --> Pfad: /Users/cristallagus/Desktop/GitHub/Offline_KI/src/docker
2026-06-04 16:41:21,833 - [INFO] - [OK - GESCHÜTZT] Begriff 'docker' bereits aktiv --> Pfad: /Users/cristallagus/Desktop/GitHub/Offline_KI/src/docker
2026-06-04 16:41:21,835 - [INFO] - [OK - GESCHÜTZT] Begriff 'Offline_KI_docker' bereits aktiv --> Pfad: /Users/cristallagus/Desktop/GitHub/Offline_KI/docker
2026-06-04 16:41:21,835 - [INFO] - [OK - GESCHÜTZT] Begriff 'Offline_KI_docker' bereits aktiv --> Pfad: /Users/cristallagus/Desktop/GitHub/Offline_KI/docker
2026-06-04 16:41:21,835 - [INFO] - [OK - GESCHÜTZT] Begriff 'Offline_KI_docker' bereits aktiv --> Pfad: /Users/cristallagus/Desktop/GitHub/Offline_KI/docker
2026-06-04 16:41:21,835 - [INFO] - [OK - GESCHÜTZT] Begriff 'Offline_KI_docker' bereits aktiv --> Pfad: /Users/cristallagus/Desktop/GitHub/Offline_KI/docker
2026-06-04 16:41:21,838 - [INFO] - [OK - GESCHÜTZT] Begriff '.idea' bereits aktiv --> Pfad: /Users/cristallagus/Desktop/GitHub/Offline_KI/.idea
2026-06-04 16:41:21,838 - [INFO] - [OK - GESCHÜTZT] Begriff '.idea' bereits aktiv --> Pfad: /Users/cristallagus/Desktop/GitHub/Offline_KI/.idea
2026-06-04 16:41:21,838 - [INFO] - [OK - GESCHÜTZT] Begriff '.idea' bereits aktiv --> Pfad: /Users/cristallagus/Desktop/GitHub/Offline_KI/.idea
2026-06-04 16:41:21,838 - [INFO] - [OK - GESCHÜTZT] Begriff '.idea' bereits aktiv --> Pfad: /Users/cristallagus/Desktop/GitHub/Offline_KI/.idea
2026-06-04 16:41:21,841 - [INFO] - [OK - GESCHÜTZT] Begriff 'inspectionProfiles' bereits aktiv --> Pfad: /Users/cristallagus/Desktop/GitHub/Offline_KI/.idea/inspectionProfiles
2026-06-04 16:41:21,841 - [INFO] - [OK - GESCHÜTZT] Begriff 'inspectionProfiles' bereits aktiv --> Pfad: /Users/cristallagus/Desktop/GitHub/Offline_KI/.idea/inspectionProfiles
2026-06-04 16:41:21,841 - [INFO] - [OK - GESCHÜTZT] Begriff 'inspectionProfiles' bereits aktiv --> Pfad: /Users/cristallagus/Desktop/GitHub/Offline_KI/.idea/inspectionProfiles
2026-06-04 16:41:21,841 - [INFO] - [OK - GESCHÜTZT] Begriff 'inspectionProfiles' bereits aktiv --> Pfad: /Users/cristallagus/Desktop/GitHub/Offline_KI/.idea/inspectionProfiles
2026-06-04 16:41:21,842 - [INFO] - [OK - GESCHÜTZT] Begriff 'docker_py' bereits aktiv --> Pfad: /Users/cristallagus/Desktop/GitHub/Offline_KI/src/docker_py
2026-06-04 16:41:21,842 - [INFO] - [OK - GESCHÜTZT] Begriff 'docker_py' bereits aktiv --> Pfad: /Users/cristallagus/Desktop/GitHub/Offline_KI/src/docker_py
2026-06-04 16:41:21,842 - [INFO] - [OK - GESCHÜTZT] Begriff 'docker_py' bereits aktiv --> Pfad: /Users/cristallagus/Desktop/GitHub/Offline_KI/src/docker_py
2026-06-04 16:41:21,842 - [INFO] - [OK - GESCHÜTZT] Begriff 'docker_py' bereits aktiv --> Pfad: /Users/cristallagus/Desktop/GitHub/Offline_KI/src/docker_py
2026-06-04 16:41:21,846 - [INFO] - Globale Pfad-Begriffe erfolgreich gesichert in: /Users/cristallagus/Desktop/GitHub/Offline_KI/config/project_paths.json
2026-06-04 16:41:21,846 - [INFO] - Globale Pfad-Begriffe erfolgreich gesichert in: /Users/cristallagus/Desktop/GitHub/Offline_KI/config/project_paths.json
2026-06-04 16:41:21,846 - [INFO] - Globale Pfad-Begriffe erfolgreich gesichert in: /Users/cristallagus/Desktop/GitHub/Offline_KI/config/project_paths.json
2026-06-04 16:41:21,846 - [INFO] - Globale Pfad-Begriffe erfolgreich gesichert in: /Users/cristallagus/Desktop/GitHub/Offline_KI/config/project_paths.json
2026-06-04 16:41:21,860 - [INFO] - --- Projekt-Initialisierung erfolgreich beendet ---

2026-06-04 16:41:21,860 - [INFO] - --- Projekt-Initialisierung erfolgreich beendet ---

2026-06-04 16:41:21,860 - [INFO] - --- Projekt-Initialisierung erfolgreich beendet ---

2026-06-04 16:41:21,860 - [INFO] - --- Projekt-Initialisierung erfolgreich beendet ---

2026-06-04 16:41:22,464 - [INFO] - --- Stochastische Projekt-Initialisierung gestartet ---
2026-06-04 16:41:22,464 - [INFO] - --- Stochastische Projekt-Initialisierung gestartet ---
2026-06-04 16:41:22,464 - [INFO] - --- Stochastische Projekt-Initialisierung gestartet ---
2026-06-04 16:41:22,464 - [INFO] - --- Stochastische Projekt-Initialisierung gestartet ---
2026-06-04 16:41:22,464 - [INFO] - --- Stochastische Projekt-Initialisierung gestartet ---
2026-06-04 16:41:22,467 - [INFO] - Bestätigtes Hauptverzeichnis (Root): /Users/cristallagus/Desktop/GitHub/Offline_KI
2026-06-04 16:41:22,467 - [INFO] - Bestätigtes Hauptverzeichnis (Root): /Users/cristallagus/Desktop/GitHub/Offline_KI
2026-06-04 16:41:22,467 - [INFO] - Bestätigtes Hauptverzeichnis (Root): /Users/cristallagus/Desktop/GitHub/Offline_KI
2026-06-04 16:41:22,467 - [INFO] - Bestätigtes Hauptverzeichnis (Root): /Users/cristallagus/Desktop/GitHub/Offline_KI
2026-06-04 16:41:22,467 - [INFO] - Bestätigtes Hauptverzeichnis (Root): /Users/cristallagus/Desktop/GitHub/Offline_KI
2026-06-04 16:41:22,470 - [INFO] - [OK - GESCHÜTZT] Begriff 'root' bereits aktiv --> Pfad: /Users/cristallagus/Desktop/GitHub/Offline_KI
2026-06-04 16:41:22,470 - [INFO] - [OK - GESCHÜTZT] Begriff 'root' bereits aktiv --> Pfad: /Users/cristallagus/Desktop/GitHub/Offline_KI
2026-06-04 16:41:22,470 - [INFO] - [OK - GESCHÜTZT] Begriff 'root' bereits aktiv --> Pfad: /Users/cristallagus/Desktop/GitHub/Offline_KI
2026-06-04 16:41:22,470 - [INFO] - [OK - GESCHÜTZT] Begriff 'root' bereits aktiv --> Pfad: /Users/cristallagus/Desktop/GitHub/Offline_KI
2026-06-04 16:41:22,470 - [INFO] - [OK - GESCHÜTZT] Begriff 'root' bereits aktiv --> Pfad: /Users/cristallagus/Desktop/GitHub/Offline_KI
2026-06-04 16:41:22,472 - [INFO] - [OK - GESCHÜTZT] Begriff 'config' bereits aktiv --> Pfad: /Users/cristallagus/Desktop/GitHub/Offline_KI/config
2026-06-04 16:41:22,472 - [INFO] - [OK - GESCHÜTZT] Begriff 'config' bereits aktiv --> Pfad: /Users/cristallagus/Desktop/GitHub/Offline_KI/config
2026-06-04 16:41:22,472 - [INFO] - [OK - GESCHÜTZT] Begriff 'config' bereits aktiv --> Pfad: /Users/cristallagus/Desktop/GitHub/Offline_KI/config
2026-06-04 16:41:22,472 - [INFO] - [OK - GESCHÜTZT] Begriff 'config' bereits aktiv --> Pfad: /Users/cristallagus/Desktop/GitHub/Offline_KI/config
2026-06-04 16:41:22,472 - [INFO] - [OK - GESCHÜTZT] Begriff 'config' bereits aktiv --> Pfad: /Users/cristallagus/Desktop/GitHub/Offline_KI/config
2026-06-04 16:41:22,474 - [INFO] - [OK - GESCHÜTZT] Begriff 'data' bereits aktiv --> Pfad: /Users/cristallagus/Desktop/GitHub/Offline_KI/data
2026-06-04 16:41:22,474 - [INFO] - [OK - GESCHÜTZT] Begriff 'data' bereits aktiv --> Pfad: /Users/cristallagus/Desktop/GitHub/Offline_KI/data
2026-06-04 16:41:22,474 - [INFO] - [OK - GESCHÜTZT] Begriff 'data' bereits aktiv --> Pfad: /Users/cristallagus/Desktop/GitHub/Offline_KI/data
2026-06-04 16:41:22,474 - [INFO] - [OK - GESCHÜTZT] Begriff 'data' bereits aktiv --> Pfad: /Users/cristallagus/Desktop/GitHub/Offline_KI/data
2026-06-04 16:41:22,474 - [INFO] - [OK - GESCHÜTZT] Begriff 'data' bereits aktiv --> Pfad: /Users/cristallagus/Desktop/GitHub/Offline_KI/data
2026-06-04 16:41:22,477 - [INFO] - [OK - GESCHÜTZT] Begriff 'knowledge' bereits aktiv --> Pfad: /Users/cristallagus/Desktop/GitHub/Offline_KI/knowledge
2026-06-04 16:41:22,477 - [INFO] - [OK - GESCHÜTZT] Begriff 'knowledge' bereits aktiv --> Pfad: /Users/cristallagus/Desktop/GitHub/Offline_KI/knowledge
2026-06-04 16:41:22,477 - [INFO] - [OK - GESCHÜTZT] Begriff 'knowledge' bereits aktiv --> Pfad: /Users/cristallagus/Desktop/GitHub/Offline_KI/knowledge
2026-06-04 16:41:22,477 - [INFO] - [OK - GESCHÜTZT] Begriff 'knowledge' bereits aktiv --> Pfad: /Users/cristallagus/Desktop/GitHub/Offline_KI/knowledge
2026-06-04 16:41:22,477 - [INFO] - [OK - GESCHÜTZT] Begriff 'knowledge' bereits aktiv --> Pfad: /Users/cristallagus/Desktop/GitHub/Offline_KI/knowledge
2026-06-04 16:41:22,480 - [INFO] - [OK - GESCHÜTZT] Begriff 'logs' bereits aktiv --> Pfad: /Users/cristallagus/Desktop/GitHub/Offline_KI/logs
2026-06-04 16:41:22,480 - [INFO] - [OK - GESCHÜTZT] Begriff 'logs' bereits aktiv --> Pfad: /Users/cristallagus/Desktop/GitHub/Offline_KI/logs
2026-06-04 16:41:22,480 - [INFO] - [OK - GESCHÜTZT] Begriff 'logs' bereits aktiv --> Pfad: /Users/cristallagus/Desktop/GitHub/Offline_KI/logs
2026-06-04 16:41:22,480 - [INFO] - [OK - GESCHÜTZT] Begriff 'logs' bereits aktiv --> Pfad: /Users/cristallagus/Desktop/GitHub/Offline_KI/logs
2026-06-04 16:41:22,480 - [INFO] - [OK - GESCHÜTZT] Begriff 'logs' bereits aktiv --> Pfad: /Users/cristallagus/Desktop/GitHub/Offline_KI/logs
2026-06-04 16:41:22,484 - [INFO] - [OK - GESCHÜTZT] Begriff 'notebooks' bereits aktiv --> Pfad: /Users/cristallagus/Desktop/GitHub/Offline_KI/notebooks
2026-06-04 16:41:22,484 - [INFO] - [OK - GESCHÜTZT] Begriff 'notebooks' bereits aktiv --> Pfad: /Users/cristallagus/Desktop/GitHub/Offline_KI/notebooks
2026-06-04 16:41:22,484 - [INFO] - [OK - GESCHÜTZT] Begriff 'notebooks' bereits aktiv --> Pfad: /Users/cristallagus/Desktop/GitHub/Offline_KI/notebooks
2026-06-04 16:41:22,484 - [INFO] - [OK - GESCHÜTZT] Begriff 'notebooks' bereits aktiv --> Pfad: /Users/cristallagus/Desktop/GitHub/Offline_KI/notebooks
2026-06-04 16:41:22,484 - [INFO] - [OK - GESCHÜTZT] Begriff 'notebooks' bereits aktiv --> Pfad: /Users/cristallagus/Desktop/GitHub/Offline_KI/notebooks
2026-06-04 16:41:22,486 - [INFO] - [OK - GESCHÜTZT] Begriff 'privacy' bereits aktiv --> Pfad: /Users/cristallagus/Desktop/GitHub/Offline_KI/privacy
2026-06-04 16:41:22,486 - [INFO] - [OK - GESCHÜTZT] Begriff 'privacy' bereits aktiv --> Pfad: /Users/cristallagus/Desktop/GitHub/Offline_KI/privacy
2026-06-04 16:41:22,486 - [INFO] - [OK - GESCHÜTZT] Begriff 'privacy' bereits aktiv --> Pfad: /Users/cristallagus/Desktop/GitHub/Offline_KI/privacy
2026-06-04 16:41:22,486 - [INFO] - [OK - GESCHÜTZT] Begriff 'privacy' bereits aktiv --> Pfad: /Users/cristallagus/Desktop/GitHub/Offline_KI/privacy
2026-06-04 16:41:22,486 - [INFO] - [OK - GESCHÜTZT] Begriff 'privacy' bereits aktiv --> Pfad: /Users/cristallagus/Desktop/GitHub/Offline_KI/privacy
2026-06-04 16:41:22,488 - [INFO] - [OK - GESCHÜTZT] Begriff 'src' bereits aktiv --> Pfad: /Users/cristallagus/Desktop/GitHub/Offline_KI/src
2026-06-04 16:41:22,488 - [INFO] - [OK - GESCHÜTZT] Begriff 'src' bereits aktiv --> Pfad: /Users/cristallagus/Desktop/GitHub/Offline_KI/src
2026-06-04 16:41:22,488 - [INFO] - [OK - GESCHÜTZT] Begriff 'src' bereits aktiv --> Pfad: /Users/cristallagus/Desktop/GitHub/Offline_KI/src
2026-06-04 16:41:22,488 - [INFO] - [OK - GESCHÜTZT] Begriff 'src' bereits aktiv --> Pfad: /Users/cristallagus/Desktop/GitHub/Offline_KI/src
2026-06-04 16:41:22,488 - [INFO] - [OK - GESCHÜTZT] Begriff 'src' bereits aktiv --> Pfad: /Users/cristallagus/Desktop/GitHub/Offline_KI/src
2026-06-04 16:41:22,490 - [INFO] - [OK - GESCHÜTZT] Begriff 'temp' bereits aktiv --> Pfad: /Users/cristallagus/Desktop/GitHub/Offline_KI/temp
2026-06-04 16:41:22,490 - [INFO] - [OK - GESCHÜTZT] Begriff 'temp' bereits aktiv --> Pfad: /Users/cristallagus/Desktop/GitHub/Offline_KI/temp
2026-06-04 16:41:22,490 - [INFO] - [OK - GESCHÜTZT] Begriff 'temp' bereits aktiv --> Pfad: /Users/cristallagus/Desktop/GitHub/Offline_KI/temp
2026-06-04 16:41:22,490 - [INFO] - [OK - GESCHÜTZT] Begriff 'temp' bereits aktiv --> Pfad: /Users/cristallagus/Desktop/GitHub/Offline_KI/temp
2026-06-04 16:41:22,490 - [INFO] - [OK - GESCHÜTZT] Begriff 'temp' bereits aktiv --> Pfad: /Users/cristallagus/Desktop/GitHub/Offline_KI/temp
2026-06-04 16:41:22,493 - [INFO] - [OK - GESCHÜTZT] Begriff 'docker' bereits aktiv --> Pfad: /Users/cristallagus/Desktop/GitHub/Offline_KI/src/docker
2026-06-04 16:41:22,493 - [INFO] - [OK - GESCHÜTZT] Begriff 'docker' bereits aktiv --> Pfad: /Users/cristallagus/Desktop/GitHub/Offline_KI/src/docker
2026-06-04 16:41:22,493 - [INFO] - [OK - GESCHÜTZT] Begriff 'docker' bereits aktiv --> Pfad: /Users/cristallagus/Desktop/GitHub/Offline_KI/src/docker
2026-06-04 16:41:22,493 - [INFO] - [OK - GESCHÜTZT] Begriff 'docker' bereits aktiv --> Pfad: /Users/cristallagus/Desktop/GitHub/Offline_KI/src/docker
2026-06-04 16:41:22,493 - [INFO] - [OK - GESCHÜTZT] Begriff 'docker' bereits aktiv --> Pfad: /Users/cristallagus/Desktop/GitHub/Offline_KI/src/docker
2026-06-04 16:41:22,495 - [INFO] - [OK - GESCHÜTZT] Begriff 'Offline_KI_docker' bereits aktiv --> Pfad: /Users/cristallagus/Desktop/GitHub/Offline_KI/docker
2026-06-04 16:41:22,495 - [INFO] - [OK - GESCHÜTZT] Begriff 'Offline_KI_docker' bereits aktiv --> Pfad: /Users/cristallagus/Desktop/GitHub/Offline_KI/docker
2026-06-04 16:41:22,495 - [INFO] - [OK - GESCHÜTZT] Begriff 'Offline_KI_docker' bereits aktiv --> Pfad: /Users/cristallagus/Desktop/GitHub/Offline_KI/docker
2026-06-04 16:41:22,495 - [INFO] - [OK - GESCHÜTZT] Begriff 'Offline_KI_docker' bereits aktiv --> Pfad: /Users/cristallagus/Desktop/GitHub/Offline_KI/docker
2026-06-04 16:41:22,495 - [INFO] - [OK - GESCHÜTZT] Begriff 'Offline_KI_docker' bereits aktiv --> Pfad: /Users/cristallagus/Desktop/GitHub/Offline_KI/docker
2026-06-04 16:41:22,497 - [INFO] - [OK - GESCHÜTZT] Begriff '.idea' bereits aktiv --> Pfad: /Users/cristallagus/Desktop/GitHub/Offline_KI/.idea
2026-06-04 16:41:22,497 - [INFO] - [OK - GESCHÜTZT] Begriff '.idea' bereits aktiv --> Pfad: /Users/cristallagus/Desktop/GitHub/Offline_KI/.idea
2026-06-04 16:41:22,497 - [INFO] - [OK - GESCHÜTZT] Begriff '.idea' bereits aktiv --> Pfad: /Users/cristallagus/Desktop/GitHub/Offline_KI/.idea
2026-06-04 16:41:22,497 - [INFO] - [OK - GESCHÜTZT] Begriff '.idea' bereits aktiv --> Pfad: /Users/cristallagus/Desktop/GitHub/Offline_KI/.idea
2026-06-04 16:41:22,497 - [INFO] - [OK - GESCHÜTZT] Begriff '.idea' bereits aktiv --> Pfad: /Users/cristallagus/Desktop/GitHub/Offline_KI/.idea
2026-06-04 16:41:22,499 - [INFO] - [OK - GESCHÜTZT] Begriff 'inspectionProfiles' bereits aktiv --> Pfad: /Users/cristallagus/Desktop/GitHub/Offline_KI/.idea/inspectionProfiles
2026-06-04 16:41:22,499 - [INFO] - [OK - GESCHÜTZT] Begriff 'inspectionProfiles' bereits aktiv --> Pfad: /Users/cristallagus/Desktop/GitHub/Offline_KI/.idea/inspectionProfiles
2026-06-04 16:41:22,499 - [INFO] - [OK - GESCHÜTZT] Begriff 'inspectionProfiles' bereits aktiv --> Pfad: /Users/cristallagus/Desktop/GitHub/Offline_KI/.idea/inspectionProfiles
2026-06-04 16:41:22,499 - [INFO] - [OK - GESCHÜTZT] Begriff 'inspectionProfiles' bereits aktiv --> Pfad: /Users/cristallagus/Desktop/GitHub/Offline_KI/.idea/inspectionProfiles
2026-06-04 16:41:22,499 - [INFO] - [OK - GESCHÜTZT] Begriff 'inspectionProfiles' bereits aktiv --> Pfad: /Users/cristallagus/Desktop/GitHub/Offline_KI/.idea/inspectionProfiles
2026-06-04 16:41:22,501 - [INFO] - [OK - GESCHÜTZT] Begriff 'docker_py' bereits aktiv --> Pfad: /Users/cristallagus/Desktop/GitHub/Offline_KI/src/docker_py
2026-06-04 16:41:22,501 - [INFO] - [OK - GESCHÜTZT] Begriff 'docker_py' bereits aktiv --> Pfad: /Users/cristallagus/Desktop/GitHub/Offline_KI/src/docker_py
2026-06-04 16:41:22,501 - [INFO] - [OK - GESCHÜTZT] Begriff 'docker_py' bereits aktiv --> Pfad: /Users/cristallagus/Desktop/GitHub/Offline_KI/src/docker_py
2026-06-04 16:41:22,501 - [INFO] - [OK - GESCHÜTZT] Begriff 'docker_py' bereits aktiv --> Pfad: /Users/cristallagus/Desktop/GitHub/Offline_KI/src/docker_py
2026-06-04 16:41:22,501 - [INFO] - [OK - GESCHÜTZT] Begriff 'docker_py' bereits aktiv --> Pfad: /Users/cristallagus/Desktop/GitHub/Offline_KI/src/docker_py
2026-06-04 16:41:22,504 - [INFO] - Globale Pfad-Begriffe erfolgreich gesichert in: /Users/cristallagus/Desktop/GitHub/Offline_KI/config/project_paths.json
2026-06-04 16:41:22,504 - [INFO] - Globale Pfad-Begriffe erfolgreich gesichert in: /Users/cristallagus/Desktop/GitHub/Offline_KI/config/project_paths.json
2026-06-04 16:41:22,504 - [INFO] - Globale Pfad-Begriffe erfolgreich gesichert in: /Users/cristallagus/Desktop/GitHub/Offline_KI/config/project_paths.json
2026-06-04 16:41:22,504 - [INFO] - Globale Pfad-Begriffe erfolgreich gesichert in: /Users/cristallagus/Desktop/GitHub/Offline_KI/config/project_paths.json
2026-06-04 16:41:22,504 - [INFO] - Globale Pfad-Begriffe erfolgreich gesichert in: /Users/cristallagus/Desktop/GitHub/Offline_KI/config/project_paths.json
2026-06-04 16:41:22,505 - [INFO] - --- Projekt-Initialisierung erfolgreich beendet ---

2026-06-04 16:41:22,505 - [INFO] - --- Projekt-Initialisierung erfolgreich beendet ---

2026-06-04 16:41:22,505 - [INFO] - --- Projekt-Initialisierung erfolgreich beendet ---

2026-06-04 16:41:22,505 - [INFO] - --- Projekt-Initialisierung erfolgreich beendet ---

2026-06-04 16:41:22,505 - [INFO] - --- Projekt-Initialisierung erfolgreich beendet ---

2026-06-04 16:41:23,022 - [INFO] - --- Stochastische Projekt-Initialisierung gestartet ---
2026-06-04 16:41:23,022 - [INFO] - --- Stochastische Projekt-Initialisierung gestartet ---
2026-06-04 16:41:23,022 - [INFO] - --- Stochastische Projekt-Initialisierung gestartet ---
2026-06-04 16:41:23,022 - [INFO] - --- Stochastische Projekt-Initialisierung gestartet ---
2026-06-04 16:41:23,022 - [INFO] - --- Stochastische Projekt-Initialisierung gestartet ---
2026-06-04 16:41:23,022 - [INFO] - --- Stochastische Projekt-Initialisierung gestartet ---
2026-06-04 16:41:23,027 - [INFO] - Bestätigtes Hauptverzeichnis (Root): /Users/cristallagus/Desktop/GitHub/Offline_KI
2026-06-04 16:41:23,027 - [INFO] - Bestätigtes Hauptverzeichnis (Root): /Users/cristallagus/Desktop/GitHub/Offline_KI
2026-06-04 16:41:23,027 - [INFO] - Bestätigtes Hauptverzeichnis (Root): /Users/cristallagus/Desktop/GitHub/Offline_KI
2026-06-04 16:41:23,027 - [INFO] - Bestätigtes Hauptverzeichnis (Root): /Users/cristallagus/Desktop/GitHub/Offline_KI
2026-06-04 16:41:23,027 - [INFO] - Bestätigtes Hauptverzeichnis (Root): /Users/cristallagus/Desktop/GitHub/Offline_KI
2026-06-04 16:41:23,027 - [INFO] - Bestätigtes Hauptverzeichnis (Root): /Users/cristallagus/Desktop/GitHub/Offline_KI
2026-06-04 16:41:23,029 - [INFO] - [OK - GESCHÜTZT] Begriff 'root' bereits aktiv --> Pfad: /Users/cristallagus/Desktop/GitHub/Offline_KI
2026-06-04 16:41:23,029 - [INFO] - [OK - GESCHÜTZT] Begriff 'root' bereits aktiv --> Pfad: /Users/cristallagus/Desktop/GitHub/Offline_KI
2026-06-04 16:41:23,029 - [INFO] - [OK - GESCHÜTZT] Begriff 'root' bereits aktiv --> Pfad: /Users/cristallagus/Desktop/GitHub/Offline_KI
2026-06-04 16:41:23,029 - [INFO] - [OK - GESCHÜTZT] Begriff 'root' bereits aktiv --> Pfad: /Users/cristallagus/Desktop/GitHub/Offline_KI
2026-06-04 16:41:23,029 - [INFO] - [OK - GESCHÜTZT] Begriff 'root' bereits aktiv --> Pfad: /Users/cristallagus/Desktop/GitHub/Offline_KI
2026-06-04 16:41:23,029 - [INFO] - [OK - GESCHÜTZT] Begriff 'root' bereits aktiv --> Pfad: /Users/cristallagus/Desktop/GitHub/Offline_KI
2026-06-04 16:41:23,032 - [INFO] - [OK - GESCHÜTZT] Begriff 'config' bereits aktiv --> Pfad: /Users/cristallagus/Desktop/GitHub/Offline_KI/config
2026-06-04 16:41:23,032 - [INFO] - [OK - GESCHÜTZT] Begriff 'config' bereits aktiv --> Pfad: /Users/cristallagus/Desktop/GitHub/Offline_KI/config
2026-06-04 16:41:23,032 - [INFO] - [OK - GESCHÜTZT] Begriff 'config' bereits aktiv --> Pfad: /Users/cristallagus/Desktop/GitHub/Offline_KI/config
2026-06-04 16:41:23,032 - [INFO] - [OK - GESCHÜTZT] Begriff 'config' bereits aktiv --> Pfad: /Users/cristallagus/Desktop/GitHub/Offline_KI/config
2026-06-04 16:41:23,032 - [INFO] - [OK - GESCHÜTZT] Begriff 'config' bereits aktiv --> Pfad: /Users/cristallagus/Desktop/GitHub/Offline_KI/config
2026-06-04 16:41:23,032 - [INFO] - [OK - GESCHÜTZT] Begriff 'config' bereits aktiv --> Pfad: /Users/cristallagus/Desktop/GitHub/Offline_KI/config
2026-06-04 16:41:23,037 - [INFO] - [OK - GESCHÜTZT] Begriff 'data' bereits aktiv --> Pfad: /Users/cristallagus/Desktop/GitHub/Offline_KI/data
2026-06-04 16:41:23,037 - [INFO] - [OK - GESCHÜTZT] Begriff 'data' bereits aktiv --> Pfad: /Users/cristallagus/Desktop/GitHub/Offline_KI/data
2026-06-04 16:41:23,037 - [INFO] - [OK - GESCHÜTZT] Begriff 'data' bereits aktiv --> Pfad: /Users/cristallagus/Desktop/GitHub/Offline_KI/data
2026-06-04 16:41:23,037 - [INFO] - [OK - GESCHÜTZT] Begriff 'data' bereits aktiv --> Pfad: /Users/cristallagus/Desktop/GitHub/Offline_KI/data
2026-06-04 16:41:23,037 - [INFO] - [OK - GESCHÜTZT] Begriff 'data' bereits aktiv --> Pfad: /Users/cristallagus/Desktop/GitHub/Offline_KI/data
2026-06-04 16:41:23,037 - [INFO] - [OK - GESCHÜTZT] Begriff 'data' bereits aktiv --> Pfad: /Users/cristallagus/Desktop/GitHub/Offline_KI/data
2026-06-04 16:41:23,040 - [INFO] - [OK - GESCHÜTZT] Begriff 'knowledge' bereits aktiv --> Pfad: /Users/cristallagus/Desktop/GitHub/Offline_KI/knowledge
2026-06-04 16:41:23,040 - [INFO] - [OK - GESCHÜTZT] Begriff 'knowledge' bereits aktiv --> Pfad: /Users/cristallagus/Desktop/GitHub/Offline_KI/knowledge
2026-06-04 16:41:23,040 - [INFO] - [OK - GESCHÜTZT] Begriff 'knowledge' bereits aktiv --> Pfad: /Users/cristallagus/Desktop/GitHub/Offline_KI/knowledge
2026-06-04 16:41:23,040 - [INFO] - [OK - GESCHÜTZT] Begriff 'knowledge' bereits aktiv --> Pfad: /Users/cristallagus/Desktop/GitHub/Offline_KI/knowledge
2026-06-04 16:41:23,040 - [INFO] - [OK - GESCHÜTZT] Begriff 'knowledge' bereits aktiv --> Pfad: /Users/cristallagus/Desktop/GitHub/Offline_KI/knowledge
2026-06-04 16:41:23,040 - [INFO] - [OK - GESCHÜTZT] Begriff 'knowledge' bereits aktiv --> Pfad: /Users/cristallagus/Desktop/GitHub/Offline_KI/knowledge
2026-06-04 16:41:23,044 - [INFO] - [OK - GESCHÜTZT] Begriff 'logs' bereits aktiv --> Pfad: /Users/cristallagus/Desktop/GitHub/Offline_KI/logs
2026-06-04 16:41:23,044 - [INFO] - [OK - GESCHÜTZT] Begriff 'logs' bereits aktiv --> Pfad: /Users/cristallagus/Desktop/GitHub/Offline_KI/logs
2026-06-04 16:41:23,044 - [INFO] - [OK - GESCHÜTZT] Begriff 'logs' bereits aktiv --> Pfad: /Users/cristallagus/Desktop/GitHub/Offline_KI/logs
2026-06-04 16:41:23,044 - [INFO] - [OK - GESCHÜTZT] Begriff 'logs' bereits aktiv --> Pfad: /Users/cristallagus/Desktop/GitHub/Offline_KI/logs
2026-06-04 16:41:23,044 - [INFO] - [OK - GESCHÜTZT] Begriff 'logs' bereits aktiv --> Pfad: /Users/cristallagus/Desktop/GitHub/Offline_KI/logs
2026-06-04 16:41:23,044 - [INFO] - [OK - GESCHÜTZT] Begriff 'logs' bereits aktiv --> Pfad: /Users/cristallagus/Desktop/GitHub/Offline_KI/logs
2026-06-04 16:41:23,046 - [INFO] - [OK - GESCHÜTZT] Begriff 'notebooks' bereits aktiv --> Pfad: /Users/cristallagus/Desktop/GitHub/Offline_KI/notebooks
2026-06-04 16:41:23,046 - [INFO] - [OK - GESCHÜTZT] Begriff 'notebooks' bereits aktiv --> Pfad: /Users/cristallagus/Desktop/GitHub/Offline_KI/notebooks
2026-06-04 16:41:23,046 - [INFO] - [OK - GESCHÜTZT] Begriff 'notebooks' bereits aktiv --> Pfad: /Users/cristallagus/Desktop/GitHub/Offline_KI/notebooks
2026-06-04 16:41:23,046 - [INFO] - [OK - GESCHÜTZT] Begriff 'notebooks' bereits aktiv --> Pfad: /Users/cristallagus/Desktop/GitHub/Offline_KI/notebooks
2026-06-04 16:41:23,046 - [INFO] - [OK - GESCHÜTZT] Begriff 'notebooks' bereits aktiv --> Pfad: /Users/cristallagus/Desktop/GitHub/Offline_KI/notebooks
2026-06-04 16:41:23,046 - [INFO] - [OK - GESCHÜTZT] Begriff 'notebooks' bereits aktiv --> Pfad: /Users/cristallagus/Desktop/GitHub/Offline_KI/notebooks
2026-06-04 16:41:23,050 - [INFO] - [OK - GESCHÜTZT] Begriff 'privacy' bereits aktiv --> Pfad: /Users/cristallagus/Desktop/GitHub/Offline_KI/privacy
2026-06-04 16:41:23,050 - [INFO] - [OK - GESCHÜTZT] Begriff 'privacy' bereits aktiv --> Pfad: /Users/cristallagus/Desktop/GitHub/Offline_KI/privacy
2026-06-04 16:41:23,050 - [INFO] - [OK - GESCHÜTZT] Begriff 'privacy' bereits aktiv --> Pfad: /Users/cristallagus/Desktop/GitHub/Offline_KI/privacy
2026-06-04 16:41:23,050 - [INFO] - [OK - GESCHÜTZT] Begriff 'privacy' bereits aktiv --> Pfad: /Users/cristallagus/Desktop/GitHub/Offline_KI/privacy
2026-06-04 16:41:23,050 - [INFO] - [OK - GESCHÜTZT] Begriff 'privacy' bereits aktiv --> Pfad: /Users/cristallagus/Desktop/GitHub/Offline_KI/privacy
2026-06-04 16:41:23,050 - [INFO] - [OK - GESCHÜTZT] Begriff 'privacy' bereits aktiv --> Pfad: /Users/cristallagus/Desktop/GitHub/Offline_KI/privacy
2026-06-04 16:41:23,052 - [INFO] - [OK - GESCHÜTZT] Begriff 'src' bereits aktiv --> Pfad: /Users/cristallagus/Desktop/GitHub/Offline_KI/src
2026-06-04 16:41:23,052 - [INFO] - [OK - GESCHÜTZT] Begriff 'src' bereits aktiv --> Pfad: /Users/cristallagus/Desktop/GitHub/Offline_KI/src
2026-06-04 16:41:23,052 - [INFO] - [OK - GESCHÜTZT] Begriff 'src' bereits aktiv --> Pfad: /Users/cristallagus/Desktop/GitHub/Offline_KI/src
2026-06-04 16:41:23,052 - [INFO] - [OK - GESCHÜTZT] Begriff 'src' bereits aktiv --> Pfad: /Users/cristallagus/Desktop/GitHub/Offline_KI/src
2026-06-04 16:41:23,052 - [INFO] - [OK - GESCHÜTZT] Begriff 'src' bereits aktiv --> Pfad: /Users/cristallagus/Desktop/GitHub/Offline_KI/src
2026-06-04 16:41:23,052 - [INFO] - [OK - GESCHÜTZT] Begriff 'src' bereits aktiv --> Pfad: /Users/cristallagus/Desktop/GitHub/Offline_KI/src
2026-06-04 16:41:23,079 - [INFO] - [OK - GESCHÜTZT] Begriff 'temp' bereits aktiv --> Pfad: /Users/cristallagus/Desktop/GitHub/Offline_KI/temp
2026-06-04 16:41:23,079 - [INFO] - [OK - GESCHÜTZT] Begriff 'temp' bereits aktiv --> Pfad: /Users/cristallagus/Desktop/GitHub/Offline_KI/temp
2026-06-04 16:41:23,079 - [INFO] - [OK - GESCHÜTZT] Begriff 'temp' bereits aktiv --> Pfad: /Users/cristallagus/Desktop/GitHub/Offline_KI/temp
2026-06-04 16:41:23,079 - [INFO] - [OK - GESCHÜTZT] Begriff 'temp' bereits aktiv --> Pfad: /Users/cristallagus/Desktop/GitHub/Offline_KI/temp
2026-06-04 16:41:23,079 - [INFO] - [OK - GESCHÜTZT] Begriff 'temp' bereits aktiv --> Pfad: /Users/cristallagus/Desktop/GitHub/Offline_KI/temp
2026-06-04 16:41:23,079 - [INFO] - [OK - GESCHÜTZT] Begriff 'temp' bereits aktiv --> Pfad: /Users/cristallagus/Desktop/GitHub/Offline_KI/temp
2026-06-04 16:41:23,087 - [INFO] - [OK - GESCHÜTZT] Begriff 'docker' bereits aktiv --> Pfad: /Users/cristallagus/Desktop/GitHub/Offline_KI/src/docker
2026-06-04 16:41:23,087 - [INFO] - [OK - GESCHÜTZT] Begriff 'docker' bereits aktiv --> Pfad: /Users/cristallagus/Desktop/GitHub/Offline_KI/src/docker
2026-06-04 16:41:23,087 - [INFO] - [OK - GESCHÜTZT] Begriff 'docker' bereits aktiv --> Pfad: /Users/cristallagus/Desktop/GitHub/Offline_KI/src/docker
2026-06-04 16:41:23,087 - [INFO] - [OK - GESCHÜTZT] Begriff 'docker' bereits aktiv --> Pfad: /Users/cristallagus/Desktop/GitHub/Offline_KI/src/docker
2026-06-04 16:41:23,087 - [INFO] - [OK - GESCHÜTZT] Begriff 'docker' bereits aktiv --> Pfad: /Users/cristallagus/Desktop/GitHub/Offline_KI/src/docker
2026-06-04 16:41:23,087 - [INFO] - [OK - GESCHÜTZT] Begriff 'docker' bereits aktiv --> Pfad: /Users/cristallagus/Desktop/GitHub/Offline_KI/src/docker
2026-06-04 16:41:23,105 - [INFO] - [OK - GESCHÜTZT] Begriff 'Offline_KI_docker' bereits aktiv --> Pfad: /Users/cristallagus/Desktop/GitHub/Offline_KI/docker
2026-06-04 16:41:23,105 - [INFO] - [OK - GESCHÜTZT] Begriff 'Offline_KI_docker' bereits aktiv --> Pfad: /Users/cristallagus/Desktop/GitHub/Offline_KI/docker
2026-06-04 16:41:23,105 - [INFO] - [OK - GESCHÜTZT] Begriff 'Offline_KI_docker' bereits aktiv --> Pfad: /Users/cristallagus/Desktop/GitHub/Offline_KI/docker
2026-06-04 16:41:23,105 - [INFO] - [OK - GESCHÜTZT] Begriff 'Offline_KI_docker' bereits aktiv --> Pfad: /Users/cristallagus/Desktop/GitHub/Offline_KI/docker
2026-06-04 16:41:23,105 - [INFO] - [OK - GESCHÜTZT] Begriff 'Offline_KI_docker' bereits aktiv --> Pfad: /Users/cristallagus/Desktop/GitHub/Offline_KI/docker
2026-06-04 16:41:23,105 - [INFO] - [OK - GESCHÜTZT] Begriff 'Offline_KI_docker' bereits aktiv --> Pfad: /Users/cristallagus/Desktop/GitHub/Offline_KI/docker
2026-06-04 16:41:23,110 - [INFO] - [OK - GESCHÜTZT] Begriff '.idea' bereits aktiv --> Pfad: /Users/cristallagus/Desktop/GitHub/Offline_KI/.idea
2026-06-04 16:41:23,110 - [INFO] - [OK - GESCHÜTZT] Begriff '.idea' bereits aktiv --> Pfad: /Users/cristallagus/Desktop/GitHub/Offline_KI/.idea
2026-06-04 16:41:23,110 - [INFO] - [OK - GESCHÜTZT] Begriff '.idea' bereits aktiv --> Pfad: /Users/cristallagus/Desktop/GitHub/Offline_KI/.idea
2026-06-04 16:41:23,110 - [INFO] - [OK - GESCHÜTZT] Begriff '.idea' bereits aktiv --> Pfad: /Users/cristallagus/Desktop/GitHub/Offline_KI/.idea
2026-06-04 16:41:23,110 - [INFO] - [OK - GESCHÜTZT] Begriff '.idea' bereits aktiv --> Pfad: /Users/cristallagus/Desktop/GitHub/Offline_KI/.idea
2026-06-04 16:41:23,110 - [INFO] - [OK - GESCHÜTZT] Begriff '.idea' bereits aktiv --> Pfad: /Users/cristallagus/Desktop/GitHub/Offline_KI/.idea
2026-06-04 16:41:23,112 - [INFO] - [OK - GESCHÜTZT] Begriff 'inspectionProfiles' bereits aktiv --> Pfad: /Users/cristallagus/Desktop/GitHub/Offline_KI/.idea/inspectionProfiles
2026-06-04 16:41:23,112 - [INFO] - [OK - GESCHÜTZT] Begriff 'inspectionProfiles' bereits aktiv --> Pfad: /Users/cristallagus/Desktop/GitHub/Offline_KI/.idea/inspectionProfiles
2026-06-04 16:41:23,112 - [INFO] - [OK - GESCHÜTZT] Begriff 'inspectionProfiles' bereits aktiv --> Pfad: /Users/cristallagus/Desktop/GitHub/Offline_KI/.idea/inspectionProfiles
2026-06-04 16:41:23,112 - [INFO] - [OK - GESCHÜTZT] Begriff 'inspectionProfiles' bereits aktiv --> Pfad: /Users/cristallagus/Desktop/GitHub/Offline_KI/.idea/inspectionProfiles
2026-06-04 16:41:23,112 - [INFO] - [OK - GESCHÜTZT] Begriff 'inspectionProfiles' bereits aktiv --> Pfad: /Users/cristallagus/Desktop/GitHub/Offline_KI/.idea/inspectionProfiles
2026-06-04 16:41:23,112 - [INFO] - [OK - GESCHÜTZT] Begriff 'inspectionProfiles' bereits aktiv --> Pfad: /Users/cristallagus/Desktop/GitHub/Offline_KI/.idea/inspectionProfiles
2026-06-04 16:41:23,114 - [INFO] - [OK - GESCHÜTZT] Begriff 'docker_py' bereits aktiv --> Pfad: /Users/cristallagus/Desktop/GitHub/Offline_KI/src/docker_py
2026-06-04 16:41:23,114 - [INFO] - [OK - GESCHÜTZT] Begriff 'docker_py' bereits aktiv --> Pfad: /Users/cristallagus/Desktop/GitHub/Offline_KI/src/docker_py
2026-06-04 16:41:23,114 - [INFO] - [OK - GESCHÜTZT] Begriff 'docker_py' bereits aktiv --> Pfad: /Users/cristallagus/Desktop/GitHub/Offline_KI/src/docker_py
2026-06-04 16:41:23,114 - [INFO] - [OK - GESCHÜTZT] Begriff 'docker_py' bereits aktiv --> Pfad: /Users/cristallagus/Desktop/GitHub/Offline_KI/src/docker_py
2026-06-04 16:41:23,114 - [INFO] - [OK - GESCHÜTZT] Begriff 'docker_py' bereits aktiv --> Pfad: /Users/cristallagus/Desktop/GitHub/Offline_KI/src/docker_py
2026-06-04 16:41:23,114 - [INFO] - [OK - GESCHÜTZT] Begriff 'docker_py' bereits aktiv --> Pfad: /Users/cristallagus/Desktop/GitHub/Offline_KI/src/docker_py
2026-06-04 16:41:23,116 - [INFO] - Globale Pfad-Begriffe erfolgreich gesichert in: /Users/cristallagus/Desktop/GitHub/Offline_KI/config/project_paths.json
2026-06-04 16:41:23,116 - [INFO] - Globale Pfad-Begriffe erfolgreich gesichert in: /Users/cristallagus/Desktop/GitHub/Offline_KI/config/project_paths.json
2026-06-04 16:41:23,116 - [INFO] - Globale Pfad-Begriffe erfolgreich gesichert in: /Users/cristallagus/Desktop/GitHub/Offline_KI/config/project_paths.json
2026-06-04 16:41:23,116 - [INFO] - Globale Pfad-Begriffe erfolgreich gesichert in: /Users/cristallagus/Desktop/GitHub/Offline_KI/config/project_paths.json
2026-06-04 16:41:23,116 - [INFO] - Globale Pfad-Begriffe erfolgreich gesichert in: /Users/cristallagus/Desktop/GitHub/Offline_KI/config/project_paths.json
2026-06-04 16:41:23,116 - [INFO] - Globale Pfad-Begriffe erfolgreich gesichert in: /Users/cristallagus/Desktop/GitHub/Offline_KI/config/project_paths.json
2026-06-04 16:41:23,126 - [INFO] - --- Projekt-Initialisierung erfolgreich beendet ---

2026-06-04 16:41:23,126 - [INFO] - --- Projekt-Initialisierung erfolgreich beendet ---

2026-06-04 16:41:23,126 - [INFO] - --- Projekt-Initialisierung erfolgreich beendet ---

2026-06-04 16:41:23,126 - [INFO] - --- Projekt-Initialisierung erfolgreich beendet ---

2026-06-04 16:41:23,126 - [INFO] - --- Projekt-Initialisierung erfolgreich beendet ---

2026-06-04 16:41:23,126 - [INFO] - --- Projekt-Initialisierung erfolgreich beendet ---

2026-06-04 16:41:24,340 - [INFO] - --- Stochastische Projekt-Initialisierung gestartet ---
2026-06-04 16:41:24,340 - [INFO] - --- Stochastische Projekt-Initialisierung gestartet ---
2026-06-04 16:41:24,340 - [INFO] - --- Stochastische Projekt-Initialisierung gestartet ---
2026-06-04 16:41:24,340 - [INFO] - --- Stochastische Projekt-Initialisierung gestartet ---
2026-06-04 16:41:24,340 - [INFO] - --- Stochastische Projekt-Initialisierung gestartet ---
2026-06-04 16:41:24,340 - [INFO] - --- Stochastische Projekt-Initialisierung gestartet ---
2026-06-04 16:41:24,340 - [INFO] - --- Stochastische Projekt-Initialisierung gestartet ---
2026-06-04 16:41:24,344 - [INFO] - Bestätigtes Hauptverzeichnis (Root): /Users/cristallagus/Desktop/GitHub/Offline_KI
2026-06-04 16:41:24,344 - [INFO] - Bestätigtes Hauptverzeichnis (Root): /Users/cristallagus/Desktop/GitHub/Offline_KI
2026-06-04 16:41:24,344 - [INFO] - Bestätigtes Hauptverzeichnis (Root): /Users/cristallagus/Desktop/GitHub/Offline_KI
2026-06-04 16:41:24,344 - [INFO] - Bestätigtes Hauptverzeichnis (Root): /Users/cristallagus/Desktop/GitHub/Offline_KI
2026-06-04 16:41:24,344 - [INFO] - Bestätigtes Hauptverzeichnis (Root): /Users/cristallagus/Desktop/GitHub/Offline_KI
2026-06-04 16:41:24,344 - [INFO] - Bestätigtes Hauptverzeichnis (Root): /Users/cristallagus/Desktop/GitHub/Offline_KI
2026-06-04 16:41:24,344 - [INFO] - Bestätigtes Hauptverzeichnis (Root): /Users/cristallagus/Desktop/GitHub/Offline_KI
2026-06-04 16:41:24,347 - [INFO] - [OK - GESCHÜTZT] Begriff 'root' bereits aktiv --> Pfad: /Users/cristallagus/Desktop/GitHub/Offline_KI
2026-06-04 16:41:24,347 - [INFO] - [OK - GESCHÜTZT] Begriff 'root' bereits aktiv --> Pfad: /Users/cristallagus/Desktop/GitHub/Offline_KI
2026-06-04 16:41:24,347 - [INFO] - [OK - GESCHÜTZT] Begriff 'root' bereits aktiv --> Pfad: /Users/cristallagus/Desktop/GitHub/Offline_KI
2026-06-04 16:41:24,347 - [INFO] - [OK - GESCHÜTZT] Begriff 'root' bereits aktiv --> Pfad: /Users/cristallagus/Desktop/GitHub/Offline_KI
2026-06-04 16:41:24,347 - [INFO] - [OK - GESCHÜTZT] Begriff 'root' bereits aktiv --> Pfad: /Users/cristallagus/Desktop/GitHub/Offline_KI
2026-06-04 16:41:24,347 - [INFO] - [OK - GESCHÜTZT] Begriff 'root' bereits aktiv --> Pfad: /Users/cristallagus/Desktop/GitHub/Offline_KI
2026-06-04 16:41:24,347 - [INFO] - [OK - GESCHÜTZT] Begriff 'root' bereits aktiv --> Pfad: /Users/cristallagus/Desktop/GitHub/Offline_KI
2026-06-04 16:41:24,350 - [INFO] - [OK - GESCHÜTZT] Begriff 'config' bereits aktiv --> Pfad: /Users/cristallagus/Desktop/GitHub/Offline_KI/config
2026-06-04 16:41:24,350 - [INFO] - [OK - GESCHÜTZT] Begriff 'config' bereits aktiv --> Pfad: /Users/cristallagus/Desktop/GitHub/Offline_KI/config
2026-06-04 16:41:24,350 - [INFO] - [OK - GESCHÜTZT] Begriff 'config' bereits aktiv --> Pfad: /Users/cristallagus/Desktop/GitHub/Offline_KI/config
2026-06-04 16:41:24,350 - [INFO] - [OK - GESCHÜTZT] Begriff 'config' bereits aktiv --> Pfad: /Users/cristallagus/Desktop/GitHub/Offline_KI/config
2026-06-04 16:41:24,350 - [INFO] - [OK - GESCHÜTZT] Begriff 'config' bereits aktiv --> Pfad: /Users/cristallagus/Desktop/GitHub/Offline_KI/config
2026-06-04 16:41:24,350 - [INFO] - [OK - GESCHÜTZT] Begriff 'config' bereits aktiv --> Pfad: /Users/cristallagus/Desktop/GitHub/Offline_KI/config
2026-06-04 16:41:24,350 - [INFO] - [OK - GESCHÜTZT] Begriff 'config' bereits aktiv --> Pfad: /Users/cristallagus/Desktop/GitHub/Offline_KI/config
2026-06-04 16:41:24,354 - [INFO] - [OK - GESCHÜTZT] Begriff 'data' bereits aktiv --> Pfad: /Users/cristallagus/Desktop/GitHub/Offline_KI/data
2026-06-04 16:41:24,354 - [INFO] - [OK - GESCHÜTZT] Begriff 'data' bereits aktiv --> Pfad: /Users/cristallagus/Desktop/GitHub/Offline_KI/data
2026-06-04 16:41:24,354 - [INFO] - [OK - GESCHÜTZT] Begriff 'data' bereits aktiv --> Pfad: /Users/cristallagus/Desktop/GitHub/Offline_KI/data
2026-06-04 16:41:24,354 - [INFO] - [OK - GESCHÜTZT] Begriff 'data' bereits aktiv --> Pfad: /Users/cristallagus/Desktop/GitHub/Offline_KI/data
2026-06-04 16:41:24,354 - [INFO] - [OK - GESCHÜTZT] Begriff 'data' bereits aktiv --> Pfad: /Users/cristallagus/Desktop/GitHub/Offline_KI/data
2026-06-04 16:41:24,354 - [INFO] - [OK - GESCHÜTZT] Begriff 'data' bereits aktiv --> Pfad: /Users/cristallagus/Desktop/GitHub/Offline_KI/data
2026-06-04 16:41:24,354 - [INFO] - [OK - GESCHÜTZT] Begriff 'data' bereits aktiv --> Pfad: /Users/cristallagus/Desktop/GitHub/Offline_KI/data
2026-06-04 16:41:24,357 - [INFO] - [OK - GESCHÜTZT] Begriff 'knowledge' bereits aktiv --> Pfad: /Users/cristallagus/Desktop/GitHub/Offline_KI/knowledge
2026-06-04 16:41:24,357 - [INFO] - [OK - GESCHÜTZT] Begriff 'knowledge' bereits aktiv --> Pfad: /Users/cristallagus/Desktop/GitHub/Offline_KI/knowledge
2026-06-04 16:41:24,357 - [INFO] - [OK - GESCHÜTZT] Begriff 'knowledge' bereits aktiv --> Pfad: /Users/cristallagus/Desktop/GitHub/Offline_KI/knowledge
2026-06-04 16:41:24,357 - [INFO] - [OK - GESCHÜTZT] Begriff 'knowledge' bereits aktiv --> Pfad: /Users/cristallagus/Desktop/GitHub/Offline_KI/knowledge
2026-06-04 16:41:24,357 - [INFO] - [OK - GESCHÜTZT] Begriff 'knowledge' bereits aktiv --> Pfad: /Users/cristallagus/Desktop/GitHub/Offline_KI/knowledge
2026-06-04 16:41:24,357 - [INFO] - [OK - GESCHÜTZT] Begriff 'knowledge' bereits aktiv --> Pfad: /Users/cristallagus/Desktop/GitHub/Offline_KI/knowledge
2026-06-04 16:41:24,357 - [INFO] - [OK - GESCHÜTZT] Begriff 'knowledge' bereits aktiv --> Pfad: /Users/cristallagus/Desktop/GitHub/Offline_KI/knowledge
2026-06-04 16:41:24,359 - [INFO] - [OK - GESCHÜTZT] Begriff 'logs' bereits aktiv --> Pfad: /Users/cristallagus/Desktop/GitHub/Offline_KI/logs
2026-06-04 16:41:24,359 - [INFO] - [OK - GESCHÜTZT] Begriff 'logs' bereits aktiv --> Pfad: /Users/cristallagus/Desktop/GitHub/Offline_KI/logs
2026-06-04 16:41:24,359 - [INFO] - [OK - GESCHÜTZT] Begriff 'logs' bereits aktiv --> Pfad: /Users/cristallagus/Desktop/GitHub/Offline_KI/logs
2026-06-04 16:41:24,359 - [INFO] - [OK - GESCHÜTZT] Begriff 'logs' bereits aktiv --> Pfad: /Users/cristallagus/Desktop/GitHub/Offline_KI/logs
2026-06-04 16:41:24,359 - [INFO] - [OK - GESCHÜTZT] Begriff 'logs' bereits aktiv --> Pfad: /Users/cristallagus/Desktop/GitHub/Offline_KI/logs
2026-06-04 16:41:24,359 - [INFO] - [OK - GESCHÜTZT] Begriff 'logs' bereits aktiv --> Pfad: /Users/cristallagus/Desktop/GitHub/Offline_KI/logs
2026-06-04 16:41:24,359 - [INFO] - [OK - GESCHÜTZT] Begriff 'logs' bereits aktiv --> Pfad: /Users/cristallagus/Desktop/GitHub/Offline_KI/logs
2026-06-04 16:41:24,363 - [INFO] - [OK - GESCHÜTZT] Begriff 'notebooks' bereits aktiv --> Pfad: /Users/cristallagus/Desktop/GitHub/Offline_KI/notebooks
2026-06-04 16:41:24,363 - [INFO] - [OK - GESCHÜTZT] Begriff 'notebooks' bereits aktiv --> Pfad: /Users/cristallagus/Desktop/GitHub/Offline_KI/notebooks
2026-06-04 16:41:24,363 - [INFO] - [OK - GESCHÜTZT] Begriff 'notebooks' bereits aktiv --> Pfad: /Users/cristallagus/Desktop/GitHub/Offline_KI/notebooks
2026-06-04 16:41:24,363 - [INFO] - [OK - GESCHÜTZT] Begriff 'notebooks' bereits aktiv --> Pfad: /Users/cristallagus/Desktop/GitHub/Offline_KI/notebooks
2026-06-04 16:41:24,363 - [INFO] - [OK - GESCHÜTZT] Begriff 'notebooks' bereits aktiv --> Pfad: /Users/cristallagus/Desktop/GitHub/Offline_KI/notebooks
2026-06-04 16:41:24,363 - [INFO] - [OK - GESCHÜTZT] Begriff 'notebooks' bereits aktiv --> Pfad: /Users/cristallagus/Desktop/GitHub/Offline_KI/notebooks
2026-06-04 16:41:24,363 - [INFO] - [OK - GESCHÜTZT] Begriff 'notebooks' bereits aktiv --> Pfad: /Users/cristallagus/Desktop/GitHub/Offline_KI/notebooks
2026-06-04 16:41:24,366 - [INFO] - [OK - GESCHÜTZT] Begriff 'privacy' bereits aktiv --> Pfad: /Users/cristallagus/Desktop/GitHub/Offline_KI/privacy
2026-06-04 16:41:24,366 - [INFO] - [OK - GESCHÜTZT] Begriff 'privacy' bereits aktiv --> Pfad: /Users/cristallagus/Desktop/GitHub/Offline_KI/privacy
2026-06-04 16:41:24,366 - [INFO] - [OK - GESCHÜTZT] Begriff 'privacy' bereits aktiv --> Pfad: /Users/cristallagus/Desktop/GitHub/Offline_KI/privacy
2026-06-04 16:41:24,366 - [INFO] - [OK - GESCHÜTZT] Begriff 'privacy' bereits aktiv --> Pfad: /Users/cristallagus/Desktop/GitHub/Offline_KI/privacy
2026-06-04 16:41:24,366 - [INFO] - [OK - GESCHÜTZT] Begriff 'privacy' bereits aktiv --> Pfad: /Users/cristallagus/Desktop/GitHub/Offline_KI/privacy
2026-06-04 16:41:24,366 - [INFO] - [OK - GESCHÜTZT] Begriff 'privacy' bereits aktiv --> Pfad: /Users/cristallagus/Desktop/GitHub/Offline_KI/privacy
2026-06-04 16:41:24,366 - [INFO] - [OK - GESCHÜTZT] Begriff 'privacy' bereits aktiv --> Pfad: /Users/cristallagus/Desktop/GitHub/Offline_KI/privacy
2026-06-04 16:41:24,370 - [INFO] - [OK - GESCHÜTZT] Begriff 'src' bereits aktiv --> Pfad: /Users/cristallagus/Desktop/GitHub/Offline_KI/src
2026-06-04 16:41:24,370 - [INFO] - [OK - GESCHÜTZT] Begriff 'src' bereits aktiv --> Pfad: /Users/cristallagus/Desktop/GitHub/Offline_KI/src
2026-06-04 16:41:24,370 - [INFO] - [OK - GESCHÜTZT] Begriff 'src' bereits aktiv --> Pfad: /Users/cristallagus/Desktop/GitHub/Offline_KI/src
2026-06-04 16:41:24,370 - [INFO] - [OK - GESCHÜTZT] Begriff 'src' bereits aktiv --> Pfad: /Users/cristallagus/Desktop/GitHub/Offline_KI/src
2026-06-04 16:41:24,370 - [INFO] - [OK - GESCHÜTZT] Begriff 'src' bereits aktiv --> Pfad: /Users/cristallagus/Desktop/GitHub/Offline_KI/src
2026-06-04 16:41:24,370 - [INFO] - [OK - GESCHÜTZT] Begriff 'src' bereits aktiv --> Pfad: /Users/cristallagus/Desktop/GitHub/Offline_KI/src
2026-06-04 16:41:24,370 - [INFO] - [OK - GESCHÜTZT] Begriff 'src' bereits aktiv --> Pfad: /Users/cristallagus/Desktop/GitHub/Offline_KI/src
2026-06-04 16:41:24,375 - [INFO] - [OK - GESCHÜTZT] Begriff 'temp' bereits aktiv --> Pfad: /Users/cristallagus/Desktop/GitHub/Offline_KI/temp
2026-06-04 16:41:24,375 - [INFO] - [OK - GESCHÜTZT] Begriff 'temp' bereits aktiv --> Pfad: /Users/cristallagus/Desktop/GitHub/Offline_KI/temp
2026-06-04 16:41:24,375 - [INFO] - [OK - GESCHÜTZT] Begriff 'temp' bereits aktiv --> Pfad: /Users/cristallagus/Desktop/GitHub/Offline_KI/temp
2026-06-04 16:41:24,375 - [INFO] - [OK - GESCHÜTZT] Begriff 'temp' bereits aktiv --> Pfad: /Users/cristallagus/Desktop/GitHub/Offline_KI/temp
2026-06-04 16:41:24,375 - [INFO] - [OK - GESCHÜTZT] Begriff 'temp' bereits aktiv --> Pfad: /Users/cristallagus/Desktop/GitHub/Offline_KI/temp
2026-06-04 16:41:24,375 - [INFO] - [OK - GESCHÜTZT] Begriff 'temp' bereits aktiv --> Pfad: /Users/cristallagus/Desktop/GitHub/Offline_KI/temp
2026-06-04 16:41:24,375 - [INFO] - [OK - GESCHÜTZT] Begriff 'temp' bereits aktiv --> Pfad: /Users/cristallagus/Desktop/GitHub/Offline_KI/temp
2026-06-04 16:41:24,379 - [INFO] - [OK - GESCHÜTZT] Begriff 'docker' bereits aktiv --> Pfad: /Users/cristallagus/Desktop/GitHub/Offline_KI/src/docker
2026-06-04 16:41:24,379 - [INFO] - [OK - GESCHÜTZT] Begriff 'docker' bereits aktiv --> Pfad: /Users/cristallagus/Desktop/GitHub/Offline_KI/src/docker
2026-06-04 16:41:24,379 - [INFO] - [OK - GESCHÜTZT] Begriff 'docker' bereits aktiv --> Pfad: /Users/cristallagus/Desktop/GitHub/Offline_KI/src/docker
2026-06-04 16:41:24,379 - [INFO] - [OK - GESCHÜTZT] Begriff 'docker' bereits aktiv --> Pfad: /Users/cristallagus/Desktop/GitHub/Offline_KI/src/docker
2026-06-04 16:41:24,379 - [INFO] - [OK - GESCHÜTZT] Begriff 'docker' bereits aktiv --> Pfad: /Users/cristallagus/Desktop/GitHub/Offline_KI/src/docker
2026-06-04 16:41:24,379 - [INFO] - [OK - GESCHÜTZT] Begriff 'docker' bereits aktiv --> Pfad: /Users/cristallagus/Desktop/GitHub/Offline_KI/src/docker
2026-06-04 16:41:24,379 - [INFO] - [OK - GESCHÜTZT] Begriff 'docker' bereits aktiv --> Pfad: /Users/cristallagus/Desktop/GitHub/Offline_KI/src/docker
2026-06-04 16:41:24,382 - [INFO] - [OK - GESCHÜTZT] Begriff 'Offline_KI_docker' bereits aktiv --> Pfad: /Users/cristallagus/Desktop/GitHub/Offline_KI/docker
2026-06-04 16:41:24,382 - [INFO] - [OK - GESCHÜTZT] Begriff 'Offline_KI_docker' bereits aktiv --> Pfad: /Users/cristallagus/Desktop/GitHub/Offline_KI/docker
2026-06-04 16:41:24,382 - [INFO] - [OK - GESCHÜTZT] Begriff 'Offline_KI_docker' bereits aktiv --> Pfad: /Users/cristallagus/Desktop/GitHub/Offline_KI/docker
2026-06-04 16:41:24,382 - [INFO] - [OK - GESCHÜTZT] Begriff 'Offline_KI_docker' bereits aktiv --> Pfad: /Users/cristallagus/Desktop/GitHub/Offline_KI/docker
2026-06-04 16:41:24,382 - [INFO] - [OK - GESCHÜTZT] Begriff 'Offline_KI_docker' bereits aktiv --> Pfad: /Users/cristallagus/Desktop/GitHub/Offline_KI/docker
2026-06-04 16:41:24,382 - [INFO] - [OK - GESCHÜTZT] Begriff 'Offline_KI_docker' bereits aktiv --> Pfad: /Users/cristallagus/Desktop/GitHub/Offline_KI/docker
2026-06-04 16:41:24,382 - [INFO] - [OK - GESCHÜTZT] Begriff 'Offline_KI_docker' bereits aktiv --> Pfad: /Users/cristallagus/Desktop/GitHub/Offline_KI/docker
2026-06-04 16:41:24,384 - [INFO] - [OK - GESCHÜTZT] Begriff '.idea' bereits aktiv --> Pfad: /Users/cristallagus/Desktop/GitHub/Offline_KI/.idea
2026-06-04 16:41:24,384 - [INFO] - [OK - GESCHÜTZT] Begriff '.idea' bereits aktiv --> Pfad: /Users/cristallagus/Desktop/GitHub/Offline_KI/.idea
2026-06-04 16:41:24,384 - [INFO] - [OK - GESCHÜTZT] Begriff '.idea' bereits aktiv --> Pfad: /Users/cristallagus/Desktop/GitHub/Offline_KI/.idea
2026-06-04 16:41:24,384 - [INFO] - [OK - GESCHÜTZT] Begriff '.idea' bereits aktiv --> Pfad: /Users/cristallagus/Desktop/GitHub/Offline_KI/.idea
2026-06-04 16:41:24,384 - [INFO] - [OK - GESCHÜTZT] Begriff '.idea' bereits aktiv --> Pfad: /Users/cristallagus/Desktop/GitHub/Offline_KI/.idea
2026-06-04 16:41:24,384 - [INFO] - [OK - GESCHÜTZT] Begriff '.idea' bereits aktiv --> Pfad: /Users/cristallagus/Desktop/GitHub/Offline_KI/.idea
2026-06-04 16:41:24,384 - [INFO] - [OK - GESCHÜTZT] Begriff '.idea' bereits aktiv --> Pfad: /Users/cristallagus/Desktop/GitHub/Offline_KI/.idea
2026-06-04 16:41:24,386 - [INFO] - [OK - GESCHÜTZT] Begriff 'inspectionProfiles' bereits aktiv --> Pfad: /Users/cristallagus/Desktop/GitHub/Offline_KI/.idea/inspectionProfiles
2026-06-04 16:41:24,386 - [INFO] - [OK - GESCHÜTZT] Begriff 'inspectionProfiles' bereits aktiv --> Pfad: /Users/cristallagus/Desktop/GitHub/Offline_KI/.idea/inspectionProfiles
2026-06-04 16:41:24,386 - [INFO] - [OK - GESCHÜTZT] Begriff 'inspectionProfiles' bereits aktiv --> Pfad: /Users/cristallagus/Desktop/GitHub/Offline_KI/.idea/inspectionProfiles
2026-06-04 16:41:24,386 - [INFO] - [OK - GESCHÜTZT] Begriff 'inspectionProfiles' bereits aktiv --> Pfad: /Users/cristallagus/Desktop/GitHub/Offline_KI/.idea/inspectionProfiles
2026-06-04 16:41:24,386 - [INFO] - [OK - GESCHÜTZT] Begriff 'inspectionProfiles' bereits aktiv --> Pfad: /Users/cristallagus/Desktop/GitHub/Offline_KI/.idea/inspectionProfiles
2026-06-04 16:41:24,386 - [INFO] - [OK - GESCHÜTZT] Begriff 'inspectionProfiles' bereits aktiv --> Pfad: /Users/cristallagus/Desktop/GitHub/Offline_KI/.idea/inspectionProfiles
2026-06-04 16:41:24,386 - [INFO] - [OK - GESCHÜTZT] Begriff 'inspectionProfiles' bereits aktiv --> Pfad: /Users/cristallagus/Desktop/GitHub/Offline_KI/.idea/inspectionProfiles
2026-06-04 16:41:24,390 - [INFO] - [OK - GESCHÜTZT] Begriff 'docker_py' bereits aktiv --> Pfad: /Users/cristallagus/Desktop/GitHub/Offline_KI/src/docker_py
2026-06-04 16:41:24,390 - [INFO] - [OK - GESCHÜTZT] Begriff 'docker_py' bereits aktiv --> Pfad: /Users/cristallagus/Desktop/GitHub/Offline_KI/src/docker_py
2026-06-04 16:41:24,390 - [INFO] - [OK - GESCHÜTZT] Begriff 'docker_py' bereits aktiv --> Pfad: /Users/cristallagus/Desktop/GitHub/Offline_KI/src/docker_py
2026-06-04 16:41:24,390 - [INFO] - [OK - GESCHÜTZT] Begriff 'docker_py' bereits aktiv --> Pfad: /Users/cristallagus/Desktop/GitHub/Offline_KI/src/docker_py
2026-06-04 16:41:24,390 - [INFO] - [OK - GESCHÜTZT] Begriff 'docker_py' bereits aktiv --> Pfad: /Users/cristallagus/Desktop/GitHub/Offline_KI/src/docker_py
2026-06-04 16:41:24,390 - [INFO] - [OK - GESCHÜTZT] Begriff 'docker_py' bereits aktiv --> Pfad: /Users/cristallagus/Desktop/GitHub/Offline_KI/src/docker_py
2026-06-04 16:41:24,390 - [INFO] - [OK - GESCHÜTZT] Begriff 'docker_py' bereits aktiv --> Pfad: /Users/cristallagus/Desktop/GitHub/Offline_KI/src/docker_py
2026-06-04 16:41:24,394 - [INFO] - Globale Pfad-Begriffe erfolgreich gesichert in: /Users/cristallagus/Desktop/GitHub/Offline_KI/config/project_paths.json
2026-06-04 16:41:24,394 - [INFO] - Globale Pfad-Begriffe erfolgreich gesichert in: /Users/cristallagus/Desktop/GitHub/Offline_KI/config/project_paths.json
2026-06-04 16:41:24,394 - [INFO] - Globale Pfad-Begriffe erfolgreich gesichert in: /Users/cristallagus/Desktop/GitHub/Offline_KI/config/project_paths.json
2026-06-04 16:41:24,394 - [INFO] - Globale Pfad-Begriffe erfolgreich gesichert in: /Users/cristallagus/Desktop/GitHub/Offline_KI/config/project_paths.json
2026-06-04 16:41:24,394 - [INFO] - Globale Pfad-Begriffe erfolgreich gesichert in: /Users/cristallagus/Desktop/GitHub/Offline_KI/config/project_paths.json
2026-06-04 16:41:24,394 - [INFO] - Globale Pfad-Begriffe erfolgreich gesichert in: /Users/cristallagus/Desktop/GitHub/Offline_KI/config/project_paths.json
2026-06-04 16:41:24,394 - [INFO] - Globale Pfad-Begriffe erfolgreich gesichert in: /Users/cristallagus/Desktop/GitHub/Offline_KI/config/project_paths.json
2026-06-04 16:41:24,408 - [INFO] - --- Projekt-Initialisierung erfolgreich beendet ---

2026-06-04 16:41:24,408 - [INFO] - --- Projekt-Initialisierung erfolgreich beendet ---

2026-06-04 16:41:24,408 - [INFO] - --- Projekt-Initialisierung erfolgreich beendet ---

2026-06-04 16:41:24,408 - [INFO] - --- Projekt-Initialisierung erfolgreich beendet ---

2026-06-04 16:41:24,408 - [INFO] - --- Projekt-Initialisierung erfolgreich beendet ---

2026-06-04 16:41:24,408 - [INFO] - --- Projekt-Initialisierung erfolgreich beendet ---

2026-06-04 16:41:24,408 - [INFO] - --- Projekt-Initialisierung erfolgreich beendet ---

2026-06-04 16:44:35,700 - [INFO] - --- Stochastische Projekt-Initialisierung gestartet ---
2026-06-04 16:44:35,701 - [INFO] - Bestätigtes Hauptverzeichnis (Root): /Users/cristallagus/Desktop/GitHub/Offline_KI
2026-06-04 16:44:35,701 - [INFO] - [OK - GESCHÜTZT] Begriff 'root' bereits aktiv --> Pfad: /Users/cristallagus/Desktop/GitHub/Offline_KI
2026-06-04 16:44:35,702 - [INFO] - [OK - GESCHÜTZT] Begriff 'config' bereits aktiv --> Pfad: /Users/cristallagus/Desktop/GitHub/Offline_KI/config
2026-06-04 16:44:35,702 - [INFO] - [OK - GESCHÜTZT] Begriff 'data' bereits aktiv --> Pfad: /Users/cristallagus/Desktop/GitHub/Offline_KI/data
2026-06-04 16:44:35,703 - [INFO] - [OK - GESCHÜTZT] Begriff 'knowledge' bereits aktiv --> Pfad: /Users/cristallagus/Desktop/GitHub/Offline_KI/knowledge
2026-06-04 16:44:35,703 - [INFO] - [OK - GESCHÜTZT] Begriff 'logs' bereits aktiv --> Pfad: /Users/cristallagus/Desktop/GitHub/Offline_KI/logs
2026-06-04 16:44:35,704 - [INFO] - [OK - GESCHÜTZT] Begriff 'notebooks' bereits aktiv --> Pfad: /Users/cristallagus/Desktop/GitHub/Offline_KI/notebooks
2026-06-04 16:44:35,704 - [INFO] - [OK - GESCHÜTZT] Begriff 'privacy' bereits aktiv --> Pfad: /Users/cristallagus/Desktop/GitHub/Offline_KI/privacy
2026-06-04 16:44:35,704 - [INFO] - [OK - GESCHÜTZT] Begriff 'src' bereits aktiv --> Pfad: /Users/cristallagus/Desktop/GitHub/Offline_KI/src
2026-06-04 16:44:35,705 - [INFO] - [OK - GESCHÜTZT] Begriff 'temp' bereits aktiv --> Pfad: /Users/cristallagus/Desktop/GitHub/Offline_KI/temp
2026-06-04 16:44:35,705 - [INFO] - [OK - GESCHÜTZT] Begriff 'docker' bereits aktiv --> Pfad: /Users/cristallagus/Desktop/GitHub/Offline_KI/src/docker
2026-06-04 16:44:35,705 - [INFO] - [OK - GESCHÜTZT] Begriff 'Offline_KI_docker' bereits aktiv --> Pfad: /Users/cristallagus/Desktop/GitHub/Offline_KI/docker
2026-06-04 16:44:35,706 - [INFO] - [OK - GESCHÜTZT] Begriff '.idea' bereits aktiv --> Pfad: /Users/cristallagus/Desktop/GitHub/Offline_KI/.idea
2026-06-04 16:44:35,706 - [INFO] - [OK - GESCHÜTZT] Begriff 'inspectionProfiles' bereits aktiv --> Pfad: /Users/cristallagus/Desktop/GitHub/Offline_KI/.idea/inspectionProfiles
2026-06-04 16:44:35,706 - [INFO] - [OK - GESCHÜTZT] Begriff 'docker_py' bereits aktiv --> Pfad: /Users/cristallagus/Desktop/GitHub/Offline_KI/src/docker_py
2026-06-04 16:44:35,707 - [INFO] - Globale Pfad-Begriffe erfolgreich gesichert in: /Users/cristallagus/Desktop/GitHub/Offline_KI/config/project_paths.json
2026-06-04 16:44:35,707 - [INFO] - --- Projekt-Initialisierung erfolgreich beendet ---

2026-06-04 16:44:37,251 - [INFO] - --- Stochastische Projekt-Initialisierung gestartet ---
2026-06-04 16:44:37,251 - [INFO] - Bestätigtes Hauptverzeichnis (Root): /Users/cristallagus/Desktop/GitHub/Offline_KI
2026-06-04 16:44:37,252 - [INFO] - [OK - GESCHÜTZT] Begriff 'root' bereits aktiv --> Pfad: /Users/cristallagus/Desktop/GitHub/Offline_KI
2026-06-04 16:44:37,252 - [INFO] - [OK - GESCHÜTZT] Begriff 'config' bereits aktiv --> Pfad: /Users/cristallagus/Desktop/GitHub/Offline_KI/config
2026-06-04 16:44:37,252 - [INFO] - [OK - GESCHÜTZT] Begriff 'data' bereits aktiv --> Pfad: /Users/cristallagus/Desktop/GitHub/Offline_KI/data
2026-06-04 16:44:37,253 - [INFO] - [OK - GESCHÜTZT] Begriff 'knowledge' bereits aktiv --> Pfad: /Users/cristallagus/Desktop/GitHub/Offline_KI/knowledge
2026-06-04 16:44:37,253 - [INFO] - [OK - GESCHÜTZT] Begriff 'logs' bereits aktiv --> Pfad: /Users/cristallagus/Desktop/GitHub/Offline_KI/logs
2026-06-04 16:44:37,254 - [INFO] - [OK - GESCHÜTZT] Begriff 'notebooks' bereits aktiv --> Pfad: /Users/cristallagus/Desktop/GitHub/Offline_KI/notebooks
2026-06-04 16:44:37,254 - [INFO] - [OK - GESCHÜTZT] Begriff 'privacy' bereits aktiv --> Pfad: /Users/cristallagus/Desktop/GitHub/Offline_KI/privacy
2026-06-04 16:44:37,254 - [INFO] - [OK - GESCHÜTZT] Begriff 'src' bereits aktiv --> Pfad: /Users/cristallagus/Desktop/GitHub/Offline_KI/src
2026-06-04 16:44:37,255 - [INFO] - [OK - GESCHÜTZT] Begriff 'temp' bereits aktiv --> Pfad: /Users/cristallagus/Desktop/GitHub/Offline_KI/temp
2026-06-04 16:44:37,255 - [INFO] - [OK - GESCHÜTZT] Begriff 'docker' bereits aktiv --> Pfad: /Users/cristallagus/Desktop/GitHub/Offline_KI/src/docker
2026-06-04 16:44:37,255 - [INFO] - [OK - GESCHÜTZT] Begriff 'Offline_KI_docker' bereits aktiv --> Pfad: /Users/cristallagus/Desktop/GitHub/Offline_KI/docker
2026-06-04 16:44:37,256 - [INFO] - [OK - GESCHÜTZT] Begriff '.idea' bereits aktiv --> Pfad: /Users/cristallagus/Desktop/GitHub/Offline_KI/.idea
2026-06-04 16:44:37,256 - [INFO] - [OK - GESCHÜTZT] Begriff 'inspectionProfiles' bereits aktiv --> Pfad: /Users/cristallagus/Desktop/GitHub/Offline_KI/.idea/inspectionProfiles
2026-06-04 16:44:37,256 - [INFO] - [OK - GESCHÜTZT] Begriff 'docker_py' bereits aktiv --> Pfad: /Users/cristallagus/Desktop/GitHub/Offline_KI/src/docker_py
2026-06-04 16:44:37,258 - [INFO] - Globale Pfad-Begriffe erfolgreich gesichert in: /Users/cristallagus/Desktop/GitHub/Offline_KI/config/project_paths.json
2026-06-04 16:44:37,258 - [INFO] - --- Projekt-Initialisierung erfolgreich beendet ---

2026-06-04 16:55:46,306 - [INFO] - --- Stochastische Projekt-Initialisierung gestartet ---
2026-06-04 16:55:46,307 - [INFO] - Bestätigtes Hauptverzeichnis (Root): /Users/cristallagus/Desktop/GitHub/Offline_KI
2026-06-04 16:55:46,308 - [INFO] - [OK - GESCHÜTZT] Begriff 'root' bereits aktiv --> Pfad: /Users/cristallagus/Desktop/GitHub/Offline_KI
2026-06-04 16:55:46,309 - [INFO] - [OK - GESCHÜTZT] Begriff 'config' bereits aktiv --> Pfad: /Users/cristallagus/Desktop/GitHub/Offline_KI/config
2026-06-04 16:55:46,310 - [INFO] - [OK - GESCHÜTZT] Begriff 'data' bereits aktiv --> Pfad: /Users/cristallagus/Desktop/GitHub/Offline_KI/data
2026-06-04 16:55:46,310 - [INFO] - [OK - GESCHÜTZT] Begriff 'knowledge' bereits aktiv --> Pfad: /Users/cristallagus/Desktop/GitHub/Offline_KI/knowledge
2026-06-04 16:55:46,311 - [INFO] - [OK - GESCHÜTZT] Begriff 'logs' bereits aktiv --> Pfad: /Users/cristallagus/Desktop/GitHub/Offline_KI/logs
2026-06-04 16:55:46,312 - [INFO] - [OK - GESCHÜTZT] Begriff 'notebooks' bereits aktiv --> Pfad: /Users/cristallagus/Desktop/GitHub/Offline_KI/notebooks
2026-06-04 16:55:46,313 - [INFO] - [OK - GESCHÜTZT] Begriff 'privacy' bereits aktiv --> Pfad: /Users/cristallagus/Desktop/GitHub/Offline_KI/privacy
2026-06-04 16:55:46,314 - [INFO] - [OK - GESCHÜTZT] Begriff 'src' bereits aktiv --> Pfad: /Users/cristallagus/Desktop/GitHub/Offline_KI/src
2026-06-04 16:55:46,315 - [INFO] - [OK - GESCHÜTZT] Begriff 'temp' bereits aktiv --> Pfad: /Users/cristallagus/Desktop/GitHub/Offline_KI/temp
2026-06-04 16:55:46,315 - [INFO] - [ERSTELLT] Neuer stochastischer Begriff 'docker' --> Pfad: /Users/cristallagus/Desktop/GitHub/Offline_KI/src/docker
2026-06-04 16:55:46,316 - [INFO] - [OK - GESCHÜTZT] Begriff 'Offline_KI_docker' bereits aktiv --> Pfad: /Users/cristallagus/Desktop/GitHub/Offline_KI/docker
2026-06-04 16:55:46,316 - [INFO] - [OK - GESCHÜTZT] Begriff '.idea' bereits aktiv --> Pfad: /Users/cristallagus/Desktop/GitHub/Offline_KI/.idea
2026-06-04 16:55:46,317 - [INFO] - [OK - GESCHÜTZT] Begriff 'inspectionProfiles' bereits aktiv --> Pfad: /Users/cristallagus/Desktop/GitHub/Offline_KI/.idea/inspectionProfiles
2026-06-04 16:55:46,317 - [INFO] - [OK - GESCHÜTZT] Begriff 'docker_py' bereits aktiv --> Pfad: /Users/cristallagus/Desktop/GitHub/Offline_KI/src/docker_py
2026-06-04 16:55:46,318 - [INFO] - Globale Pfad-Begriffe erfolgreich gesichert in: /Users/cristallagus/Desktop/GitHub/Offline_KI/config/project_paths.json
2026-06-04 16:55:46,319 - [INFO] - --- Projekt-Initialisierung erfolgreich beendet ---

2026-06-04 16:57:29,743 - [INFO] - --- Stochastische Projekt-Initialisierung gestartet ---
2026-06-04 16:57:29,744 - [INFO] - Bestätigtes Hauptverzeichnis (Root): /Users/cristallagus/Desktop/GitHub/Offline_KI
2026-06-04 16:57:29,745 - [INFO] - [OK - GESCHÜTZT] Begriff 'root' bereits aktiv --> Pfad: /Users/cristallagus/Desktop/GitHub/Offline_KI
2026-06-04 16:57:29,745 - [INFO] - [OK - GESCHÜTZT] Begriff 'config' bereits aktiv --> Pfad: /Users/cristallagus/Desktop/GitHub/Offline_KI/config
2026-06-04 16:57:29,746 - [INFO] - [OK - GESCHÜTZT] Begriff 'data' bereits aktiv --> Pfad: /Users/cristallagus/Desktop/GitHub/Offline_KI/data
2026-06-04 16:57:29,747 - [INFO] - [OK - GESCHÜTZT] Begriff 'knowledge' bereits aktiv --> Pfad: /Users/cristallagus/Desktop/GitHub/Offline_KI/knowledge
2026-06-04 16:57:29,747 - [INFO] - [OK - GESCHÜTZT] Begriff 'logs' bereits aktiv --> Pfad: /Users/cristallagus/Desktop/GitHub/Offline_KI/logs
2026-06-04 16:57:29,748 - [INFO] - [OK - GESCHÜTZT] Begriff 'notebooks' bereits aktiv --> Pfad: /Users/cristallagus/Desktop/GitHub/Offline_KI/notebooks
2026-06-04 16:57:29,748 - [INFO] - [OK - GESCHÜTZT] Begriff 'privacy' bereits aktiv --> Pfad: /Users/cristallagus/Desktop/GitHub/Offline_KI/privacy
2026-06-04 16:57:29,749 - [INFO] - [OK - GESCHÜTZT] Begriff 'src' bereits aktiv --> Pfad: /Users/cristallagus/Desktop/GitHub/Offline_KI/src
2026-06-04 16:57:29,750 - [INFO] - [OK - GESCHÜTZT] Begriff 'temp' bereits aktiv --> Pfad: /Users/cristallagus/Desktop/GitHub/Offline_KI/temp
2026-06-04 16:57:29,751 - [INFO] - [OK - GESCHÜTZT] Begriff 'docker' bereits aktiv --> Pfad: /Users/cristallagus/Desktop/GitHub/Offline_KI/docker
2026-06-04 16:57:29,751 - [INFO] - [OK - GESCHÜTZT] Begriff '.idea' bereits aktiv --> Pfad: /Users/cristallagus/Desktop/GitHub/Offline_KI/.idea
2026-06-04 16:57:29,751 - [INFO] - [OK - GESCHÜTZT] Begriff 'inspectionProfiles' bereits aktiv --> Pfad: /Users/cristallagus/Desktop/GitHub/Offline_KI/.idea/inspectionProfiles
2026-06-04 16:57:29,752 - [INFO] - [OK - GESCHÜTZT] Begriff 'src_docker' bereits aktiv --> Pfad: /Users/cristallagus/Desktop/GitHub/Offline_KI/src/docker
2026-06-04 16:57:29,752 - [INFO] - [OK - GESCHÜTZT] Begriff 'docker_py' bereits aktiv --> Pfad: /Users/cristallagus/Desktop/GitHub/Offline_KI/src/docker_py
2026-06-04 16:57:29,753 - [INFO] - Globale Pfad-Begriffe erfolgreich gesichert in: /Users/cristallagus/Desktop/GitHub/Offline_KI/config/project_paths.json
2026-06-04 16:57:29,753 - [INFO] - --- Projekt-Initialisierung erfolgreich beendet ---

2026-06-04 16:57:36,053 - [INFO] - --- Stochastische Projekt-Initialisierung gestartet ---
2026-06-04 16:57:36,054 - [INFO] - Bestätigtes Hauptverzeichnis (Root): /Users/cristallagus/Desktop/GitHub/Offline_KI
2026-06-04 16:57:36,054 - [INFO] - [OK - GESCHÜTZT] Begriff 'root' bereits aktiv --> Pfad: /Users/cristallagus/Desktop/GitHub/Offline_KI
2026-06-04 16:57:36,055 - [INFO] - [OK - GESCHÜTZT] Begriff 'config' bereits aktiv --> Pfad: /Users/cristallagus/Desktop/GitHub/Offline_KI/config
2026-06-04 16:57:36,055 - [INFO] - [OK - GESCHÜTZT] Begriff 'data' bereits aktiv --> Pfad: /Users/cristallagus/Desktop/GitHub/Offline_KI/data
2026-06-04 16:57:36,055 - [INFO] - [OK - GESCHÜTZT] Begriff 'knowledge' bereits aktiv --> Pfad: /Users/cristallagus/Desktop/GitHub/Offline_KI/knowledge
2026-06-04 16:57:36,055 - [INFO] - [OK - GESCHÜTZT] Begriff 'logs' bereits aktiv --> Pfad: /Users/cristallagus/Desktop/GitHub/Offline_KI/logs
2026-06-04 16:57:36,056 - [INFO] - [OK - GESCHÜTZT] Begriff 'notebooks' bereits aktiv --> Pfad: /Users/cristallagus/Desktop/GitHub/Offline_KI/notebooks
2026-06-04 16:57:36,056 - [INFO] - [OK - GESCHÜTZT] Begriff 'privacy' bereits aktiv --> Pfad: /Users/cristallagus/Desktop/GitHub/Offline_KI/privacy
2026-06-04 16:57:36,056 - [INFO] - [OK - GESCHÜTZT] Begriff 'src' bereits aktiv --> Pfad: /Users/cristallagus/Desktop/GitHub/Offline_KI/src
2026-06-04 16:57:36,057 - [INFO] - [OK - GESCHÜTZT] Begriff 'temp' bereits aktiv --> Pfad: /Users/cristallagus/Desktop/GitHub/Offline_KI/temp
2026-06-04 16:57:36,057 - [INFO] - [OK - GESCHÜTZT] Begriff 'docker' bereits aktiv --> Pfad: /Users/cristallagus/Desktop/GitHub/Offline_KI/docker
2026-06-04 16:57:36,057 - [INFO] - [OK - GESCHÜTZT] Begriff '.idea' bereits aktiv --> Pfad: /Users/cristallagus/Desktop/GitHub/Offline_KI/.idea
2026-06-04 16:57:36,058 - [INFO] - [OK - GESCHÜTZT] Begriff 'inspectionProfiles' bereits aktiv --> Pfad: /Users/cristallagus/Desktop/GitHub/Offline_KI/.idea/inspectionProfiles
2026-06-04 16:57:36,058 - [INFO] - [OK - GESCHÜTZT] Begriff 'docker_py' bereits aktiv --> Pfad: /Users/cristallagus/Desktop/GitHub/Offline_KI/src/docker_py
2026-06-04 16:57:36,059 - [INFO] - Globale Pfad-Begriffe erfolgreich gesichert in: /Users/cristallagus/Desktop/GitHub/Offline_KI/config/project_paths.json
2026-06-04 16:57:36,060 - [INFO] - --- Projekt-Initialisierung erfolgreich beendet ---

2026-06-04 16:58:32,654 - [INFO] - --- Stochastische Projekt-Initialisierung gestartet ---
2026-06-04 16:58:32,655 - [INFO] - Bestätigtes Hauptverzeichnis (Root): /Users/cristallagus/Desktop/GitHub/Offline_KI
2026-06-04 16:58:32,656 - [INFO] - [OK - GESCHÜTZT] Begriff 'root' bereits aktiv --> Pfad: /Users/cristallagus/Desktop/GitHub/Offline_KI
2026-06-04 16:58:32,657 - [INFO] - [OK - GESCHÜTZT] Begriff 'config' bereits aktiv --> Pfad: /Users/cristallagus/Desktop/GitHub/Offline_KI/config
2026-06-04 16:58:32,658 - [INFO] - [OK - GESCHÜTZT] Begriff 'data' bereits aktiv --> Pfad: /Users/cristallagus/Desktop/GitHub/Offline_KI/data
2026-06-04 16:58:32,658 - [INFO] - [OK - GESCHÜTZT] Begriff 'knowledge' bereits aktiv --> Pfad: /Users/cristallagus/Desktop/GitHub/Offline_KI/knowledge
2026-06-04 16:58:32,659 - [INFO] - [OK - GESCHÜTZT] Begriff 'logs' bereits aktiv --> Pfad: /Users/cristallagus/Desktop/GitHub/Offline_KI/logs
2026-06-04 16:58:32,659 - [INFO] - [OK - GESCHÜTZT] Begriff 'notebooks' bereits aktiv --> Pfad: /Users/cristallagus/Desktop/GitHub/Offline_KI/notebooks
2026-06-04 16:58:32,660 - [INFO] - [OK - GESCHÜTZT] Begriff 'privacy' bereits aktiv --> Pfad: /Users/cristallagus/Desktop/GitHub/Offline_KI/privacy
2026-06-04 16:58:32,660 - [INFO] - [OK - GESCHÜTZT] Begriff 'src' bereits aktiv --> Pfad: /Users/cristallagus/Desktop/GitHub/Offline_KI/src
2026-06-04 16:58:32,660 - [INFO] - [OK - GESCHÜTZT] Begriff 'temp' bereits aktiv --> Pfad: /Users/cristallagus/Desktop/GitHub/Offline_KI/temp
2026-06-04 16:58:32,661 - [INFO] - [OK - GESCHÜTZT] Begriff 'docker' bereits aktiv --> Pfad: /Users/cristallagus/Desktop/GitHub/Offline_KI/docker
2026-06-04 16:58:32,661 - [INFO] - [OK - GESCHÜTZT] Begriff '.idea' bereits aktiv --> Pfad: /Users/cristallagus/Desktop/GitHub/Offline_KI/.idea
2026-06-04 16:58:32,662 - [INFO] - [OK - GESCHÜTZT] Begriff 'inspectionProfiles' bereits aktiv --> Pfad: /Users/cristallagus/Desktop/GitHub/Offline_KI/.idea/inspectionProfiles
2026-06-04 16:58:32,662 - [INFO] - [OK - GESCHÜTZT] Begriff 'docker_py' bereits aktiv --> Pfad: /Users/cristallagus/Desktop/GitHub/Offline_KI/src/docker_py
2026-06-04 16:58:32,663 - [INFO] - Globale Pfad-Begriffe erfolgreich gesichert in: /Users/cristallagus/Desktop/GitHub/Offline_KI/config/project_paths.json
2026-06-04 16:58:32,663 - [INFO] - --- Projekt-Initialisierung erfolgreich beendet ---

2026-06-04 17:11:35,819 - [INFO] - --- Stochastische Projekt-Initialisierung gestartet ---
2026-06-04 17:11:35,820 - [INFO] - Bestätigtes Hauptverzeichnis (Root): /Users/cristallagus/Desktop/GitHub/Offline_KI
2026-06-04 17:11:35,821 - [INFO] - [OK - GESCHÜTZT] Begriff 'root' bereits aktiv --> Pfad: /Users/cristallagus/Desktop/GitHub/Offline_KI
2026-06-04 17:11:35,821 - [INFO] - [OK - GESCHÜTZT] Begriff 'config' bereits aktiv --> Pfad: /Users/cristallagus/Desktop/GitHub/Offline_KI/config
2026-06-04 17:11:35,822 - [INFO] - [OK - GESCHÜTZT] Begriff 'data' bereits aktiv --> Pfad: /Users/cristallagus/Desktop/GitHub/Offline_KI/data
2026-06-04 17:11:35,822 - [INFO] - [OK - GESCHÜTZT] Begriff 'knowledge' bereits aktiv --> Pfad: /Users/cristallagus/Desktop/GitHub/Offline_KI/knowledge
2026-06-04 17:11:35,823 - [INFO] - [OK - GESCHÜTZT] Begriff 'logs' bereits aktiv --> Pfad: /Users/cristallagus/Desktop/GitHub/Offline_KI/logs
2026-06-04 17:11:35,824 - [INFO] - [OK - GESCHÜTZT] Begriff 'notebooks' bereits aktiv --> Pfad: /Users/cristallagus/Desktop/GitHub/Offline_KI/notebooks
2026-06-04 17:11:35,826 - [INFO] - [OK - GESCHÜTZT] Begriff 'privacy' bereits aktiv --> Pfad: /Users/cristallagus/Desktop/GitHub/Offline_KI/privacy
2026-06-04 17:11:35,827 - [INFO] - [OK - GESCHÜTZT] Begriff 'src' bereits aktiv --> Pfad: /Users/cristallagus/Desktop/GitHub/Offline_KI/src
2026-06-04 17:11:35,828 - [INFO] - [OK - GESCHÜTZT] Begriff 'temp' bereits aktiv --> Pfad: /Users/cristallagus/Desktop/GitHub/Offline_KI/temp
2026-06-04 17:11:35,829 - [INFO] - [OK - GESCHÜTZT] Begriff 'docker' bereits aktiv --> Pfad: /Users/cristallagus/Desktop/GitHub/Offline_KI/docker
2026-06-04 17:11:35,831 - [INFO] - [OK - GESCHÜTZT] Begriff '.idea' bereits aktiv --> Pfad: /Users/cristallagus/Desktop/GitHub/Offline_KI/.idea
2026-06-04 17:11:35,831 - [INFO] - [OK - GESCHÜTZT] Begriff 'inspectionProfiles' bereits aktiv --> Pfad: /Users/cristallagus/Desktop/GitHub/Offline_KI/.idea/inspectionProfiles
2026-06-04 17:11:35,831 - [INFO] - [OK - GESCHÜTZT] Begriff 'Install' bereits aktiv --> Pfad: /Users/cristallagus/Desktop/GitHub/Offline_KI/src/Install
2026-06-04 17:11:35,832 - [INFO] - [OK - GESCHÜTZT] Begriff 'docker_py' bereits aktiv --> Pfad: /Users/cristallagus/Desktop/GitHub/Offline_KI/src/docker_py
2026-06-04 17:11:35,833 - [INFO] - Globale Pfad-Begriffe erfolgreich gesichert in: /Users/cristallagus/Desktop/GitHub/Offline_KI/config/project_paths.json
2026-06-04 17:11:35,833 - [INFO] - --- Projekt-Initialisierung erfolgreich beendet ---

2026-06-04 17:11:51,969 - LibraryChecker - INFO - Analysiere installierte Python-Bibliotheken...
2026-06-04 17:11:52,146 - LibraryChecker - INFO - Erfolgreich! Gespeichert in: /Users/cristallagus/Desktop/GitHub/Offline_KI/config/python_library_config.json
2026-06-04 17:15:49,294 - [INFO] - --- Stochastische Projekt-Initialisierung gestartet ---
2026-06-04 17:15:49,295 - [INFO] - Bestätigtes Hauptverzeichnis (Root): /Users/cristallagus/Desktop/GitHub/Offline_KI
2026-06-04 17:15:49,295 - [INFO] - [OK - GESCHÜTZT] Begriff 'root' bereits aktiv --> Pfad: /Users/cristallagus/Desktop/GitHub/Offline_KI
2026-06-04 17:15:49,296 - [INFO] - [OK - GESCHÜTZT] Begriff 'config' bereits aktiv --> Pfad: /Users/cristallagus/Desktop/GitHub/Offline_KI/config
2026-06-04 17:15:49,297 - [INFO] - [OK - GESCHÜTZT] Begriff 'data' bereits aktiv --> Pfad: /Users/cristallagus/Desktop/GitHub/Offline_KI/data
2026-06-04 17:15:49,297 - [INFO] - [OK - GESCHÜTZT] Begriff 'knowledge' bereits aktiv --> Pfad: /Users/cristallagus/Desktop/GitHub/Offline_KI/knowledge
2026-06-04 17:15:49,298 - [INFO] - [OK - GESCHÜTZT] Begriff 'logs' bereits aktiv --> Pfad: /Users/cristallagus/Desktop/GitHub/Offline_KI/logs
2026-06-04 17:15:49,298 - [INFO] - [OK - GESCHÜTZT] Begriff 'notebooks' bereits aktiv --> Pfad: /Users/cristallagus/Desktop/GitHub/Offline_KI/notebooks
2026-06-04 17:15:49,299 - [INFO] - [OK - GESCHÜTZT] Begriff 'privacy' bereits aktiv --> Pfad: /Users/cristallagus/Desktop/GitHub/Offline_KI/privacy
2026-06-04 17:15:49,300 - [INFO] - [OK - GESCHÜTZT] Begriff 'src' bereits aktiv --> Pfad: /Users/cristallagus/Desktop/GitHub/Offline_KI/src
2026-06-04 17:15:49,301 - [INFO] - [OK - GESCHÜTZT] Begriff 'temp' bereits aktiv --> Pfad: /Users/cristallagus/Desktop/GitHub/Offline_KI/temp
2026-06-04 17:15:49,302 - [INFO] - [OK - GESCHÜTZT] Begriff 'docker' bereits aktiv --> Pfad: /Users/cristallagus/Desktop/GitHub/Offline_KI/docker
2026-06-04 17:15:49,303 - [INFO] - [OK - GESCHÜTZT] Begriff '.idea' bereits aktiv --> Pfad: /Users/cristallagus/Desktop/GitHub/Offline_KI/.idea
2026-06-04 17:15:49,304 - [INFO] - [OK - GESCHÜTZT] Begriff 'inspectionProfiles' bereits aktiv --> Pfad: /Users/cristallagus/Desktop/GitHub/Offline_KI/.idea/inspectionProfiles
2026-06-04 17:15:49,304 - [INFO] - [OK - GESCHÜTZT] Begriff 'Install' bereits aktiv --> Pfad: /Users/cristallagus/Desktop/GitHub/Offline_KI/src/Install
2026-06-04 17:15:49,305 - [INFO] - [OK - GESCHÜTZT] Begriff 'docker_py' bereits aktiv --> Pfad: /Users/cristallagus/Desktop/GitHub/Offline_KI/src/docker_py
2026-06-04 17:15:49,307 - [INFO] - Globale Pfad-Begriffe erfolgreich gesichert in: /Users/cristallagus/Desktop/GitHub/Offline_KI/config/project_paths.json
2026-06-04 17:15:49,308 - [INFO] - --- Projekt-Initialisierung erfolgreich beendet ---

2026-06-04 17:15:55,033 - LibraryChecker - INFO - Analysiere installierte Python-Bibliotheken...
2026-06-04 17:15:55,033 - LibraryChecker - INFO - Analysiere installierte Python-Bibliotheken...
2026-06-04 17:15:55,113 - LibraryChecker - INFO - Erfolgreich! Gespeichert in: /Users/cristallagus/Desktop/GitHub/Offline_KI/config/python_library_config.json
2026-06-04 17:15:55,113 - LibraryChecker - INFO - Erfolgreich! Gespeichert in: /Users/cristallagus/Desktop/GitHub/Offline_KI/config/python_library_config.json
2026-06-04 17:16:17,852 - [WARNING] - Fehlende Abhängigkeit erkannt: Das Paket 'ollama' ist nicht bereit.
2026-06-04 17:16:17,853 - [INFO] - Starte automatische Hintergrund-Installation via pip...
2026-06-04 17:16:19,607 - [INFO] - Abhängigkeiten erfolgreich nachinstalliert. Erneuter Import-Versuch...
2026-06-04 17:16:20,315 - [INFO] - === Start der automatisierten Ollama-Hardware-Analyse ===
2026-06-04 17:16:20,315 - [INFO] - Rufe aktuelle Modell-Bibliothek aus dem Internet ab...
2026-06-04 17:16:22,768 - [INFO] - Geräte-Leistungs-Check: 16.0 GB RAM erkannt.
2026-06-04 17:16:22,769 - [INFO] - Berechnete maximale Obergrenze für Modellgröße: 11.2 GB.
2026-06-04 17:16:22,771 - [INFO] - Starte automatisisierten Download für: 'Codestral'
2026-06-04 17:16:23,604 - [INFO] - Erfolgreich! 'Codestral' wurde hardwarekonform installiert.
2026-06-04 17:16:23,606 - [INFO] - Aktiver System-Status gesichert in: /Users/cristallagus/Desktop/GitHub/Offline_KI/config/active_model.json
2026-06-04 19:26:35,052 - [INFO] - --- Stochastische Projekt-Initialisierung gestartet ---
2026-06-04 19:26:35,053 - [INFO] - Bestätigtes Hauptverzeichnis (Root): /Users/cristallagus/Desktop/GitHub/Offline_KI
2026-06-04 19:26:35,053 - [INFO] - [OK - GESCHÜTZT] Begriff 'root' bereits aktiv --> Pfad: /Users/cristallagus/Desktop/GitHub/Offline_KI
2026-06-04 19:26:35,054 - [INFO] - [OK - GESCHÜTZT] Begriff 'config' bereits aktiv --> Pfad: /Users/cristallagus/Desktop/GitHub/Offline_KI/config
2026-06-04 19:26:35,054 - [INFO] - [OK - GESCHÜTZT] Begriff 'data' bereits aktiv --> Pfad: /Users/cristallagus/Desktop/GitHub/Offline_KI/data
2026-06-04 19:26:35,054 - [INFO] - [OK - GESCHÜTZT] Begriff 'knowledge' bereits aktiv --> Pfad: /Users/cristallagus/Desktop/GitHub/Offline_KI/knowledge
2026-06-04 19:26:35,055 - [INFO] - [OK - GESCHÜTZT] Begriff 'logs' bereits aktiv --> Pfad: /Users/cristallagus/Desktop/GitHub/Offline_KI/logs
2026-06-04 19:26:35,056 - [INFO] - [OK - GESCHÜTZT] Begriff 'notebooks' bereits aktiv --> Pfad: /Users/cristallagus/Desktop/GitHub/Offline_KI/notebooks
2026-06-04 19:26:35,056 - [INFO] - [OK - GESCHÜTZT] Begriff 'privacy' bereits aktiv --> Pfad: /Users/cristallagus/Desktop/GitHub/Offline_KI/privacy
2026-06-04 19:26:35,057 - [INFO] - [OK - GESCHÜTZT] Begriff 'src' bereits aktiv --> Pfad: /Users/cristallagus/Desktop/GitHub/Offline_KI/src
2026-06-04 19:26:35,057 - [INFO] - [OK - GESCHÜTZT] Begriff 'temp' bereits aktiv --> Pfad: /Users/cristallagus/Desktop/GitHub/Offline_KI/temp
2026-06-04 19:26:35,059 - [INFO] - [OK - GESCHÜTZT] Begriff 'docker' bereits aktiv --> Pfad: /Users/cristallagus/Desktop/GitHub/Offline_KI/docker
2026-06-04 19:26:35,060 - [INFO] - [OK - GESCHÜTZT] Begriff '.idea' bereits aktiv --> Pfad: /Users/cristallagus/Desktop/GitHub/Offline_KI/.idea
2026-06-04 19:26:35,060 - [INFO] - [OK - GESCHÜTZT] Begriff 'inspectionProfiles' bereits aktiv --> Pfad: /Users/cristallagus/Desktop/GitHub/Offline_KI/.idea/inspectionProfiles
2026-06-04 19:26:35,060 - [INFO] - [OK - GESCHÜTZT] Begriff 'Install' bereits aktiv --> Pfad: /Users/cristallagus/Desktop/GitHub/Offline_KI/src/Install
2026-06-04 19:26:35,061 - [INFO] - [OK - GESCHÜTZT] Begriff 'docker_py' bereits aktiv --> Pfad: /Users/cristallagus/Desktop/GitHub/Offline_KI/src/docker_py
2026-06-04 19:26:35,063 - [INFO] - Globale Pfad-Begriffe erfolgreich gesichert in: /Users/cristallagus/Desktop/GitHub/Offline_KI/config/project_paths.json
2026-06-04 19:26:35,064 - [INFO] - --- Projekt-Initialisierung erfolgreich beendet ---

2026-06-04 19:39:34,336 - [INFO] - --- Stochastische Projekt-Initialisierung gestartet ---
2026-06-04 19:39:34,337 - [INFO] - Bestätigtes Hauptverzeichnis (Root): /Users/cristallagus/Desktop/GitHub/Offline_KI
2026-06-04 19:39:34,338 - [INFO] - [OK - GESCHÜTZT] Begriff 'root' bereits aktiv --> Pfad: /Users/cristallagus/Desktop/GitHub/Offline_KI
2026-06-04 19:39:34,339 - [INFO] - [OK - GESCHÜTZT] Begriff 'config' bereits aktiv --> Pfad: /Users/cristallagus/Desktop/GitHub/Offline_KI/config
2026-06-04 19:39:34,339 - [INFO] - [OK - GESCHÜTZT] Begriff 'data' bereits aktiv --> Pfad: /Users/cristallagus/Desktop/GitHub/Offline_KI/data
2026-06-04 19:39:34,340 - [INFO] - [OK - GESCHÜTZT] Begriff 'knowledge' bereits aktiv --> Pfad: /Users/cristallagus/Desktop/GitHub/Offline_KI/knowledge
2026-06-04 19:39:34,340 - [INFO] - [OK - GESCHÜTZT] Begriff 'logs' bereits aktiv --> Pfad: /Users/cristallagus/Desktop/GitHub/Offline_KI/logs
2026-06-04 19:39:34,341 - [INFO] - [OK - GESCHÜTZT] Begriff 'notebooks' bereits aktiv --> Pfad: /Users/cristallagus/Desktop/GitHub/Offline_KI/notebooks
2026-06-04 19:39:34,341 - [INFO] - [OK - GESCHÜTZT] Begriff 'privacy' bereits aktiv --> Pfad: /Users/cristallagus/Desktop/GitHub/Offline_KI/privacy
2026-06-04 19:39:34,342 - [INFO] - [OK - GESCHÜTZT] Begriff 'src' bereits aktiv --> Pfad: /Users/cristallagus/Desktop/GitHub/Offline_KI/src
2026-06-04 19:39:34,342 - [INFO] - [OK - GESCHÜTZT] Begriff 'temp' bereits aktiv --> Pfad: /Users/cristallagus/Desktop/GitHub/Offline_KI/temp
2026-06-04 19:39:34,343 - [INFO] - [OK - GESCHÜTZT] Begriff 'docker' bereits aktiv --> Pfad: /Users/cristallagus/Desktop/GitHub/Offline_KI/docker
2026-06-04 19:39:34,343 - [INFO] - [OK - GESCHÜTZT] Begriff '.idea' bereits aktiv --> Pfad: /Users/cristallagus/Desktop/GitHub/Offline_KI/.idea
2026-06-04 19:39:34,343 - [INFO] - [OK - GESCHÜTZT] Begriff 'inspectionProfiles' bereits aktiv --> Pfad: /Users/cristallagus/Desktop/GitHub/Offline_KI/.idea/inspectionProfiles
2026-06-04 19:39:34,345 - [INFO] - [OK - GESCHÜTZT] Begriff 'Install' bereits aktiv --> Pfad: /Users/cristallagus/Desktop/GitHub/Offline_KI/src/Install
2026-06-04 19:39:34,346 - [INFO] - [OK - GESCHÜTZT] Begriff 'docker_py' bereits aktiv --> Pfad: /Users/cristallagus/Desktop/GitHub/Offline_KI/src/docker_py
2026-06-04 19:39:34,347 - [INFO] - Globale Pfad-Begriffe erfolgreich gesichert in: /Users/cristallagus/Desktop/GitHub/Offline_KI/config/project_paths.json
2026-06-04 19:39:34,347 - [INFO] - --- Projekt-Initialisierung erfolgreich beendet ---

2026-06-04 21:18:02,356 - [INFO] - --- Stochastische Projekt-Initialisierung gestartet ---
2026-06-04 21:18:02,357 - [INFO] - Bestätigtes Hauptverzeichnis (Root): /Users/cristallagus/Desktop/GitHub/Offline_KI
2026-06-04 21:18:02,358 - [INFO] - [OK - GESCHÜTZT] Begriff 'root' bereits aktiv --> Pfad: /Users/cristallagus/Desktop/GitHub/Offline_KI
2026-06-04 21:18:02,359 - [INFO] - [OK - GESCHÜTZT] Begriff 'config' bereits aktiv --> Pfad: /Users/cristallagus/Desktop/GitHub/Offline_KI/config
2026-06-04 21:18:02,359 - [INFO] - [OK - GESCHÜTZT] Begriff 'data' bereits aktiv --> Pfad: /Users/cristallagus/Desktop/GitHub/Offline_KI/data
2026-06-04 21:18:02,360 - [INFO] - [OK - GESCHÜTZT] Begriff 'knowledge' bereits aktiv --> Pfad: /Users/cristallagus/Desktop/GitHub/Offline_KI/knowledge
2026-06-04 21:18:02,360 - [INFO] - [OK - GESCHÜTZT] Begriff 'logs' bereits aktiv --> Pfad: /Users/cristallagus/Desktop/GitHub/Offline_KI/logs
2026-06-04 21:18:02,361 - [INFO] - [OK - GESCHÜTZT] Begriff 'notebooks' bereits aktiv --> Pfad: /Users/cristallagus/Desktop/GitHub/Offline_KI/notebooks
2026-06-04 21:18:02,361 - [INFO] - [OK - GESCHÜTZT] Begriff 'privacy' bereits aktiv --> Pfad: /Users/cristallagus/Desktop/GitHub/Offline_KI/privacy
2026-06-04 21:18:02,362 - [INFO] - [OK - GESCHÜTZT] Begriff 'src' bereits aktiv --> Pfad: /Users/cristallagus/Desktop/GitHub/Offline_KI/src
2026-06-04 21:18:02,362 - [INFO] - [OK - GESCHÜTZT] Begriff 'temp' bereits aktiv --> Pfad: /Users/cristallagus/Desktop/GitHub/Offline_KI/temp
2026-06-04 21:18:02,363 - [INFO] - [OK - GESCHÜTZT] Begriff 'docker' bereits aktiv --> Pfad: /Users/cristallagus/Desktop/GitHub/Offline_KI/docker
2026-06-04 21:18:02,364 - [INFO] - [OK - GESCHÜTZT] Begriff '.idea' bereits aktiv --> Pfad: /Users/cristallagus/Desktop/GitHub/Offline_KI/.idea
2026-06-04 21:18:02,365 - [INFO] - [OK - GESCHÜTZT] Begriff 'inspectionProfiles' bereits aktiv --> Pfad: /Users/cristallagus/Desktop/GitHub/Offline_KI/.idea/inspectionProfiles
2026-06-04 21:18:02,366 - [INFO] - [OK - GESCHÜTZT] Begriff 'Install' bereits aktiv --> Pfad: /Users/cristallagus/Desktop/GitHub/Offline_KI/src/Install
2026-06-04 21:18:02,366 - [INFO] - [OK - GESCHÜTZT] Begriff 'docker_py' bereits aktiv --> Pfad: /Users/cristallagus/Desktop/GitHub/Offline_KI/src/docker_py
2026-06-04 21:18:02,368 - [INFO] - Globale Pfad-Begriffe erfolgreich gesichert in: /Users/cristallagus/Desktop/GitHub/Offline_KI/config/project_paths.json
2026-06-04 21:18:02,369 - [INFO] - --- Projekt-Initialisierung erfolgreich beendet ---

2026-06-04 21:29:13,616 - [INFO] - --- Stochastische Projekt-Initialisierung gestartet ---
2026-06-04 21:29:13,617 - [INFO] - Bestätigtes Hauptverzeichnis (Root): /Users/cristallagus/Desktop/GitHub/Offline_KI
2026-06-04 21:29:13,618 - [INFO] - [OK - GESCHÜTZT] Begriff 'root' bereits aktiv --> Pfad: /Users/cristallagus/Desktop/GitHub/Offline_KI
2026-06-04 21:29:13,618 - [INFO] - [OK - GESCHÜTZT] Begriff 'config' bereits aktiv --> Pfad: /Users/cristallagus/Desktop/GitHub/Offline_KI/config
2026-06-04 21:29:13,619 - [INFO] - [OK - GESCHÜTZT] Begriff 'data' bereits aktiv --> Pfad: /Users/cristallagus/Desktop/GitHub/Offline_KI/data
2026-06-04 21:29:13,619 - [INFO] - [OK - GESCHÜTZT] Begriff 'knowledge' bereits aktiv --> Pfad: /Users/cristallagus/Desktop/GitHub/Offline_KI/knowledge
2026-06-04 21:29:13,620 - [INFO] - [OK - GESCHÜTZT] Begriff 'logs' bereits aktiv --> Pfad: /Users/cristallagus/Desktop/GitHub/Offline_KI/logs
2026-06-04 21:29:13,620 - [INFO] - [OK - GESCHÜTZT] Begriff 'notebooks' bereits aktiv --> Pfad: /Users/cristallagus/Desktop/GitHub/Offline_KI/notebooks
2026-06-04 21:29:13,621 - [INFO] - [OK - GESCHÜTZT] Begriff 'privacy' bereits aktiv --> Pfad: /Users/cristallagus/Desktop/GitHub/Offline_KI/privacy
2026-06-04 21:29:13,621 - [INFO] - [OK - GESCHÜTZT] Begriff 'src' bereits aktiv --> Pfad: /Users/cristallagus/Desktop/GitHub/Offline_KI/src
2026-06-04 21:29:13,622 - [INFO] - [OK - GESCHÜTZT] Begriff 'temp' bereits aktiv --> Pfad: /Users/cristallagus/Desktop/GitHub/Offline_KI/temp
2026-06-04 21:29:13,622 - [INFO] - [OK - GESCHÜTZT] Begriff 'docker' bereits aktiv --> Pfad: /Users/cristallagus/Desktop/GitHub/Offline_KI/docker
2026-06-04 21:29:13,622 - [INFO] - [OK - GESCHÜTZT] Begriff '.idea' bereits aktiv --> Pfad: /Users/cristallagus/Desktop/GitHub/Offline_KI/.idea
2026-06-04 21:29:13,622 - [INFO] - [OK - GESCHÜTZT] Begriff 'inspectionProfiles' bereits aktiv --> Pfad: /Users/cristallagus/Desktop/GitHub/Offline_KI/.idea/inspectionProfiles
2026-06-04 21:29:13,623 - [INFO] - [OK - GESCHÜTZT] Begriff 'Install' bereits aktiv --> Pfad: /Users/cristallagus/Desktop/GitHub/Offline_KI/src/Install
2026-06-04 21:29:13,623 - [INFO] - [OK - GESCHÜTZT] Begriff 'docker_py' bereits aktiv --> Pfad: /Users/cristallagus/Desktop/GitHub/Offline_KI/src/docker_py
2026-06-04 21:29:13,624 - [INFO] - Globale Pfad-Begriffe erfolgreich gesichert in: /Users/cristallagus/Desktop/GitHub/Offline_KI/config/project_paths.json
2026-06-04 21:29:13,624 - [INFO] - --- Projekt-Initialisierung erfolgreich beendet ---

2026-06-04 21:58:57,811 - [INFO] - --- Stochastische Projekt-Initialisierung gestartet ---
2026-06-04 21:58:57,811 - [INFO] - Bestätigtes Hauptverzeichnis (Root): /Users/cristallagus/Desktop/GitHub/Offline_KI
2026-06-04 21:58:57,812 - [INFO] - [OK - GESCHÜTZT] Begriff 'root' bereits aktiv --> Pfad: /Users/cristallagus/Desktop/GitHub/Offline_KI
2026-06-04 21:58:57,812 - [INFO] - [OK - GESCHÜTZT] Begriff 'config' bereits aktiv --> Pfad: /Users/cristallagus/Desktop/GitHub/Offline_KI/config
2026-06-04 21:58:57,813 - [INFO] - [OK - GESCHÜTZT] Begriff 'data' bereits aktiv --> Pfad: /Users/cristallagus/Desktop/GitHub/Offline_KI/data
2026-06-04 21:58:57,813 - [INFO] - [OK - GESCHÜTZT] Begriff 'knowledge' bereits aktiv --> Pfad: /Users/cristallagus/Desktop/GitHub/Offline_KI/knowledge
2026-06-04 21:58:57,813 - [INFO] - [OK - GESCHÜTZT] Begriff 'logs' bereits aktiv --> Pfad: /Users/cristallagus/Desktop/GitHub/Offline_KI/logs
2026-06-04 21:58:57,814 - [INFO] - [OK - GESCHÜTZT] Begriff 'notebooks' bereits aktiv --> Pfad: /Users/cristallagus/Desktop/GitHub/Offline_KI/notebooks
2026-06-04 21:58:57,814 - [INFO] - [OK - GESCHÜTZT] Begriff 'privacy' bereits aktiv --> Pfad: /Users/cristallagus/Desktop/GitHub/Offline_KI/privacy
2026-06-04 21:58:57,814 - [INFO] - [OK - GESCHÜTZT] Begriff 'src' bereits aktiv --> Pfad: /Users/cristallagus/Desktop/GitHub/Offline_KI/src
2026-06-04 21:58:57,815 - [INFO] - [OK - GESCHÜTZT] Begriff 'temp' bereits aktiv --> Pfad: /Users/cristallagus/Desktop/GitHub/Offline_KI/temp
2026-06-04 21:58:57,815 - [INFO] - [OK - GESCHÜTZT] Begriff 'docker' bereits aktiv --> Pfad: /Users/cristallagus/Desktop/GitHub/Offline_KI/docker
2026-06-04 21:58:57,815 - [INFO] - [OK - GESCHÜTZT] Begriff '.idea' bereits aktiv --> Pfad: /Users/cristallagus/Desktop/GitHub/Offline_KI/.idea
2026-06-04 21:58:57,816 - [INFO] - [OK - GESCHÜTZT] Begriff 'inspectionProfiles' bereits aktiv --> Pfad: /Users/cristallagus/Desktop/GitHub/Offline_KI/.idea/inspectionProfiles
2026-06-04 21:58:57,816 - [INFO] - [OK - GESCHÜTZT] Begriff 'Install' bereits aktiv --> Pfad: /Users/cristallagus/Desktop/GitHub/Offline_KI/src/Install
2026-06-04 21:58:57,817 - [INFO] - [OK - GESCHÜTZT] Begriff 'docker_py' bereits aktiv --> Pfad: /Users/cristallagus/Desktop/GitHub/Offline_KI/src/docker_py
2026-06-04 21:58:57,818 - [INFO] - Globale Pfad-Begriffe erfolgreich gesichert in: /Users/cristallagus/Desktop/GitHub/Offline_KI/config/project_paths.json
2026-06-04 21:58:57,818 - [INFO] - --- Projekt-Initialisierung erfolgreich beendet ---

2026-06-04 22:54:45,213 - [INFO] - --- Stochastische Projekt-Initialisierung gestartet ---
2026-06-04 22:54:45,214 - [INFO] - Bestätigtes Hauptverzeichnis (Root): /Users/cristallagus/Desktop/GitHub/Offline_KI
2026-06-04 22:54:45,214 - [INFO] - [OK - GESCHÜTZT] Begriff 'root' bereits aktiv --> Pfad: /Users/cristallagus/Desktop/GitHub/Offline_KI
2026-06-04 22:54:45,215 - [INFO] - [OK - GESCHÜTZT] Begriff 'config' bereits aktiv --> Pfad: /Users/cristallagus/Desktop/GitHub/Offline_KI/config
2026-06-04 22:54:45,216 - [INFO] - [OK - GESCHÜTZT] Begriff 'data' bereits aktiv --> Pfad: /Users/cristallagus/Desktop/GitHub/Offline_KI/data
2026-06-04 22:54:45,217 - [INFO] - [OK - GESCHÜTZT] Begriff 'knowledge' bereits aktiv --> Pfad: /Users/cristallagus/Desktop/GitHub/Offline_KI/knowledge
2026-06-04 22:54:45,218 - [INFO] - [OK - GESCHÜTZT] Begriff 'logs' bereits aktiv --> Pfad: /Users/cristallagus/Desktop/GitHub/Offline_KI/logs
2026-06-04 22:54:45,219 - [INFO] - [OK - GESCHÜTZT] Begriff 'notebooks' bereits aktiv --> Pfad: /Users/cristallagus/Desktop/GitHub/Offline_KI/notebooks
2026-06-04 22:54:45,220 - [INFO] - [OK - GESCHÜTZT] Begriff 'privacy' bereits aktiv --> Pfad: /Users/cristallagus/Desktop/GitHub/Offline_KI/privacy
2026-06-04 22:54:45,220 - [INFO] - [OK - GESCHÜTZT] Begriff 'src' bereits aktiv --> Pfad: /Users/cristallagus/Desktop/GitHub/Offline_KI/src
2026-06-04 22:54:45,221 - [INFO] - [OK - GESCHÜTZT] Begriff 'temp' bereits aktiv --> Pfad: /Users/cristallagus/Desktop/GitHub/Offline_KI/temp
2026-06-04 22:54:45,222 - [INFO] - [OK - GESCHÜTZT] Begriff 'docker' bereits aktiv --> Pfad: /Users/cristallagus/Desktop/GitHub/Offline_KI/docker
2026-06-04 22:54:45,223 - [INFO] - [OK - GESCHÜTZT] Begriff '.idea' bereits aktiv --> Pfad: /Users/cristallagus/Desktop/GitHub/Offline_KI/.idea
2026-06-04 22:54:45,224 - [INFO] - [OK - GESCHÜTZT] Begriff 'inspectionProfiles' bereits aktiv --> Pfad: /Users/cristallagus/Desktop/GitHub/Offline_KI/.idea/inspectionProfiles
2026-06-04 22:54:45,226 - [INFO] - [OK - GESCHÜTZT] Begriff 'Install' bereits aktiv --> Pfad: /Users/cristallagus/Desktop/GitHub/Offline_KI/src/Install
2026-06-04 22:54:45,226 - [INFO] - [OK - GESCHÜTZT] Begriff 'docker_py' bereits aktiv --> Pfad: /Users/cristallagus/Desktop/GitHub/Offline_KI/src/docker_py
2026-06-04 22:54:45,228 - [INFO] - Globale Pfad-Begriffe erfolgreich gesichert in: /Users/cristallagus/Desktop/GitHub/Offline_KI/config/project_paths.json
2026-06-04 22:54:45,228 - [INFO] - --- Projekt-Initialisierung erfolgreich beendet ---

2026-06-04 22:56:20,026 - [INFO] - --- Stochastische Projekt-Initialisierung gestartet ---
2026-06-04 22:56:20,027 - [INFO] - Bestätigtes Hauptverzeichnis (Root): /Users/cristallagus/Desktop/GitHub/Offline_KI
2026-06-04 22:56:20,027 - [INFO] - [OK - GESCHÜTZT] Begriff 'root' bereits aktiv --> Pfad: /Users/cristallagus/Desktop/GitHub/Offline_KI
2026-06-04 22:56:20,028 - [INFO] - [OK - GESCHÜTZT] Begriff 'config' bereits aktiv --> Pfad: /Users/cristallagus/Desktop/GitHub/Offline_KI/config
2026-06-04 22:56:20,028 - [INFO] - [OK - GESCHÜTZT] Begriff 'data' bereits aktiv --> Pfad: /Users/cristallagus/Desktop/GitHub/Offline_KI/data
2026-06-04 22:56:20,028 - [INFO] - [OK - GESCHÜTZT] Begriff 'knowledge' bereits aktiv --> Pfad: /Users/cristallagus/Desktop/GitHub/Offline_KI/knowledge
2026-06-04 22:56:20,029 - [INFO] - [OK - GESCHÜTZT] Begriff 'logs' bereits aktiv --> Pfad: /Users/cristallagus/Desktop/GitHub/Offline_KI/logs
2026-06-04 22:56:20,029 - [INFO] - [OK - GESCHÜTZT] Begriff 'notebooks' bereits aktiv --> Pfad: /Users/cristallagus/Desktop/GitHub/Offline_KI/notebooks
2026-06-04 22:56:20,029 - [INFO] - [OK - GESCHÜTZT] Begriff 'privacy' bereits aktiv --> Pfad: /Users/cristallagus/Desktop/GitHub/Offline_KI/privacy
2026-06-04 22:56:20,030 - [INFO] - [OK - GESCHÜTZT] Begriff 'src' bereits aktiv --> Pfad: /Users/cristallagus/Desktop/GitHub/Offline_KI/src
2026-06-04 22:56:20,030 - [INFO] - [OK - GESCHÜTZT] Begriff 'temp' bereits aktiv --> Pfad: /Users/cristallagus/Desktop/GitHub/Offline_KI/temp
2026-06-04 22:56:20,030 - [INFO] - [OK - GESCHÜTZT] Begriff 'docker' bereits aktiv --> Pfad: /Users/cristallagus/Desktop/GitHub/Offline_KI/docker
2026-06-04 22:56:20,031 - [INFO] - [OK - GESCHÜTZT] Begriff '.idea' bereits aktiv --> Pfad: /Users/cristallagus/Desktop/GitHub/Offline_KI/.idea
2026-06-04 22:56:20,033 - [INFO] - [OK - GESCHÜTZT] Begriff 'inspectionProfiles' bereits aktiv --> Pfad: /Users/cristallagus/Desktop/GitHub/Offline_KI/.idea/inspectionProfiles
2026-06-04 22:56:20,033 - [INFO] - [OK - GESCHÜTZT] Begriff 'Install' bereits aktiv --> Pfad: /Users/cristallagus/Desktop/GitHub/Offline_KI/src/Install
2026-06-04 22:56:20,034 - [INFO] - [OK - GESCHÜTZT] Begriff 'docker_py' bereits aktiv --> Pfad: /Users/cristallagus/Desktop/GitHub/Offline_KI/src/docker_py
2026-06-04 22:56:20,035 - [INFO] - Globale Pfad-Begriffe erfolgreich gesichert in: /Users/cristallagus/Desktop/GitHub/Offline_KI/config/project_paths.json
2026-06-04 22:56:20,036 - [INFO] - --- Projekt-Initialisierung erfolgreich beendet ---

